A,Agilent Technologies
AA,Alcoa Inc.
AAC,AAC Holdings
AAN,Aaron&#39;s
AAP,Advance Auto Parts Inc
AAT,American Assets Trust
AAV,Advantage Oil & Gas Ltd
AB,AllianceBernstein Holding L.P.
ABB,ABB Ltd
ABBV,AbbVie Inc.
ABC,AmerisourceBergen Corporation (Holding Co)
ABEV,Ambev S.A.
ABG,Asbury Automotive Group Inc
ABM,ABM Industries Incorporated
ABR,Arbor Realty Trust
ABT,Abbott Laboratories
ABX,Barrick Gold Corporation
AC_WD,Associated Capital Group
ACC,American Campus Communities Inc
ACCO,Acco Brands Corporation
ACE,Ace Limited
ACG,ALLIANCEBERNSTEIN INCOME FUND INC
ACH,Aluminum Corporation of China Limited
ACI,Arch Coal
ACM,AECOM
ACN,Accenture plc.
ACP,Avenue Income Credit Strategies Fund
ACRE,Ares Commercial Real Estate Corporation
ACV,AllianzGI Diversified Income & Convertible Fund
ACW,Accuride Corporation New
ADC,Agree Realty Corporation
ADM,Archer-Daniels-Midland Company
ADPT,Adeptus Health Inc.
ADS,Alliance Data Systems Corporation
ADT,ADT Corporation
ADX,Adams Diversified Equity Fund
AEB,Aegon NV
AEE,Ameren Corporation
AEL,American Equity Investment Life Holding Company
AEM,Agnico Eagle Mines Limited
AEO,American Eagle Outfitters
AEP,American Electric Power Company
AER,Aercap Holdings N.V.
AES,The AES Corporation
AET,Aetna Inc.
AEUA,Anadarko Petroleum Corporation
AF,Astoria Financial Corporation
AFA,American Financial Group
AFB,Alliance National Municipal Income Fund Inc
AFC,Ares Capital Corporation
AFL,Aflac Incorporated
AFSI_A,AmTrust Financial Services
AFT,Apollo Senior Floating Rate Fund Inc.
AG,First Majestic Silver Corp.
AGC,Advent Claymore Convertible Securities and Income Fund II
AGCO,AGCO Corporation
AGD,Alpine Global Dynamic Dividend Fund
AGI,Alamos Gold Inc.
AGM,Federal Agricultural Mortgage Corporation
AGN,Allergan plc.
AGO,Assured Guaranty Ltd.
AGRO,Adecoagro S.A.
AGU,Agrium Inc.
AGX,Argan
AHC,A.H. Belo Corporation
AHH,Armada Hoffler Properties
AHL,Aspen Insurance Holdings Limited
AHP,Ashford Hospitality Prime
AHS,AMN Healthcare Services Inc
AHT,Ashford Hospitality Trust Inc
AI,Arlington Asset Investment Corp
AIB,Apollo Investment Corporation
AIF,Apollo Tactical Income Fund Inc.
AIG,American International Group
AIN,Albany International Corporation
AIR,AAR Corp.
AIT,Applied Industrial Technologies
AIV,Apartment Investment and Management Company
AIZ,Assurant
AJG,Arthur J. Gallagher & Co.
AJRD,Aerojet Rocketdyne Holdings
AJX,Great Ajax Corp.
AKO,Embotelladora Andina S.A.
AKP,Alliance California Municipal Income Fund Inc
AKR,Acadia Realty Trust
AKS,AK Steel Holding Corporation
AL,Air Lease Corporation
ALB,Albemarle Corporation
ALDW,Alon USA Partners
ALE,Allete
ALEX,Alexander & Baldwin Holdings
ALG,Alamo Group
ALJ,Alon USA Energy
ALK,Alaska Air Group
ALL,Allstate Corporation (The)
ALLE,Allegion plc
ALLY,Ally Financial Inc.
ALP_O,Alabama Power Company
ALR,Alere Inc.
ALSN,Allison Transmission Holdings
ALU,Alcatel Lucent
ALV,Autoliv
ALX,Alexander&#39;s
AM,Antero Midstream Partners LP
AMBR,Amber Road
AMC,AMC Entertainment Holdings
AME,AMTEK
AMFW,Amec Plc Ord
AMG,Affiliated Managers Group
AMH,American Homes 4 Rent
AMID,American Midstream Partners
AMP,AMERIPRISE FINANCIAL SERVICES
AMRC,Ameresco
AMT,American Tower Corporation (REIT)
AMTD,TD Ameritrade Holding Corporation
AMTG,Apollo Residential Mortgage
AMX,America Movil
AN,AutoNation
ANET,Arista Networks
ANF,Abercrombie & Fitch Company
ANFI,Amira Nature Foods Ltd
ANH,Anworth Mortgage Asset  Corporation
ANTM,Anthem
ANW,Aegean Marine Petroleum Network Inc.
AOD,Alpine Total Dynamic Dividend Fund
AOI,Alliance One International
AON,Aon plc
AOS,Smith (A.O.) Corporation
AP,Ampco-Pittsburgh Corporation
APA,Apache Corporation
APAM,Artisan Partners Asset Management Inc.
APB,Asia Pacific Fund
APD,Air Products and Chemicals
APF,Morgan Stanley Asia-Pacific Fund
APH,Amphenol Corporation
APLE,Apple Hospitality REIT
APO,Apollo Global Management
APTS,Preferred Apartment Communities
APU,AmeriGas Partners
AR,Antero Resources Corporation
ARC,ARC Document Solutions
ARCO,Arcos Dorados Holdings Inc.
ARCX,Arc Logistic Partners LP
ARDC,Ares Dynamic Credit Allocation Fund
ARE,Alexandria Real Estate Equities
ARES,Ares Management L.P.
ARG,Airgas
ARH_C,Arch Capital Group Ltd.
ARI,Apollo Commercial Real Estate Finance
ARL,American Realty Investors
ARMK,Aramark
ARO,Aeropostale Inc
AROC,Archrock
ARP,Atlas Resource Partners
ARPI,American Residential Properties
ARR,ARMOUR Residential REIT
ARW,Arrow Electronics
ASA,ASA Gold and Precious Metals Limited
ASB,Associated Banc-Corp
ASC,Ardmore Shipping Corporation
ASG,Liberty All-Star Growth Fund
ASGN,On Assignment
ASH,Ashland Inc.
ASPN,Aspen Aerogels
ASR,Grupo Aeroportuario del Sureste
ASX,Advanced Semiconductor Engineering
AT,Atlantic Power Corporation
ATE,Advantest Corporation (Kabushiki Kaisha Advantest) ADS
ATEN,A10 Networks
ATHM,Autohome Inc.
ATI,Allegheny Technologies Incorporated
ATLS,Atlas Energy
ATO,Atmos Energy Corporation
ATR,AptarGroup
ATTO,Atento S.A.
ATU,Actuant Corporation
ATV,Acorn International
ATW,Atwood Oceanics
AU,AngloGold Ashanti Limited
AUO,AU Optronics Corp
AUY,Yamana Gold Inc.
AV,Aviva plc
AVA,Avista Corporation
AVAL,Grupo Aval Acciones y Valores S.A.
AVB,AvalonBay Communities
AVD,American Vanguard Corporation
AVG,AVG Technologies N.V.
AVH,Avianca Holdings S.A.
AVK,Advent Claymore Convertible Securities and Income Fund
AVOL,Avolon Holdings Limited
AVP,Avon Products
AVT,Avnet
AVX,AVX Corporation
AVY,Avery Dennison Corporation
AWF,Alliance World Dollar Government Fund II
AWH,Allied World Assurance Company Holdings
AWI,Armstrong World Industries Inc
AWK,American Water Works
AWP,Alpine Global Premier Properties Fund
AWR,American States Water Company
AXE,Anixter International Inc.
AXL,American Axle & Manufacturing Holdings
AXLL,Axiall Corporation
AXP,American Express Company
AXR,AMREP Corporation
AXS,Axis Capital Holdings Limited
AXTA,Axalta Coating Systems Ltd.
AYI,Acuity Brands Inc
AYR,Aircastle Limited
AZN,Astrazeneca PLC
AZO,AutoZone
AZUR,Azure Midstream Partners
AZZ,AZZ Inc.
B,Barnes Group
BA,Boeing Company (The)
BABA,Alibaba Group Holding Limited
BAC,Bank of America Corporation
BAF,BlackRock Income Investment Quality Trust
BAH,Booz Allen Hamilton Holding Corporation
BAK,Braskem S.A.
BAM,Brookfield Asset Management Inc
BANC,Banc of California
BAP,Credicorp Ltd.
BAS,Basic Energy Services
BAX,Baxter International Inc.
BBD,Banco Bradesco Sa
BBF,BlackRock Municipal Income Investment Trust
BBG,Bill Barrett Corporation
BBK,Blackrock Municipal Bond Trust
BBL,BHP Billiton plc
BBN,BalckRock Taxable Municipal Bond Trust
BBT,BB&T Corporation
BBVA,Banco Bilbao Viscaya Argentaria S.A.
BBW,Build-A-Bear Workshop
BBX,BBX Capital Corporation
BBY,Best Buy Co.
BC,Brunswick Corporation
BCA,Corpbanca
BCC,Boise Cascade
BCE,BCE
BCEI,Bonanza Creek Energy
BCH,Banco De Chile
BCO,Brink&#39;s Company (The)
BCR,C.R. Bard
BCRH,Blue Capital Reinsurance Holdings Ltd.
BCS,Barclays PLC
BCX,BlackRock Resources
BDC,Belden Inc
BDJ,Blackrock Enhanced Equity Dividend Trust
BDN,Brandywine Realty Trust
BDN,Brandywine Realty Tr
BDX,Becton
BEE,Strategic Hotels & Resorts Inc
BEL,Belmond Ltd.
BEN,Franklin Resources
BEP,Brookfield Renewable Powerr Fund
BERY,BPC Acquisition Corp
BETR,Amplify Snack Brands
BF,Brown Forman Corporation
BFAM,Bright Horizons Family Solutions Inc.
BFK,BlackRock Municipal Income Trust
BFO,Blackrock Florida Municipal 2020 Term Trust
BFR,BBVA Banco Frances S.A.
BFS,Saul Centers
BFZ,BlackRock California Municipal Income Trust
BG,Bunge Limited
BGB,Blackstone / GSO Strategic Credit Fund
BGC,General Cable Corporation
BGCA,BGC Partners
BGE_B,Baltimore Gas & Electric Company
BGG,Briggs & Stratton Corporation
BGH,Babson Capital Global Short Duration High Yield Fund
BGR,BlackRock Energy and Resources Trust
BGS,B&G Foods
BGT,Blackrock Global
BGX,Blackstone GSO Long Short Credit Income Fund
BGY,BLACKROCK INTERNATIONAL
BH,Biglari Holdings Inc.
BHE,Benchmark Electronics
BHI,Baker Hughes Incorporated
BHK,Blackrock Core Bond Trust
BHL,Blackrock Defined Opportunity Credit Trust
BHLB,Berkshire Hills Bancorp
BHP,BHP Billiton Limited
BID,Sotheby&#39;s
BIE,Blackrock Municipal Bond Investment Trust
BIF,USLIFE Income Fund
BIG,Big Lots
BIN,Progressive Waste Solutions Ltd.
BIO,Bio-Rad Laboratories
BIOA,BioAmber Inc.
BIP,Brookfield Infrastructure Partners LP
BIT,BlackRock Multi-Sector Income Trust
BITA,Bitauto Holdings Limited
BJZ,Blackrock California Municipal 2018 Term Trust
BK,Bank Of New York Mellon Corporation (The)
BKD,Brookdale Senior Living Inc.
BKE,Buckle
BKFS,Black Knight Financial Services
BKH,Black Hills Corporation
BKK,Blackrock Municipal 2020 Term Trust
BKN,BlackRock Investment Quality Municipal Trust Inc. (The)
BKS,Barnes & Noble
BKT,BlackRock Income Trust Inc. (The)
BKU,BankUnited
BLD,TopBuild Corp.
BLH,Blackrock New York Municipal 2018 Term Trust
BLK,BlackRock
BLL,Ball Corporation
BLOX,Infoblox Inc.
BLT,Blount International
BLW,Citigroup Inc.
BLX,Banco Latinoamericano de Comercio Exterior
BMA,Macro Bank Inc.
BME,Blackrock Health Sciences Trust
BMI,Badger Meter
BMO,Bank Of Montreal
BMR,Biomed Realty Trust
BMS,Bemis Company
BMY,Bristol-Myers Squibb Company
BNED,Barnes & Noble Education
BNJ,BlackRock New Jersey Municipal Income Trust
BNK,C1 Financial
BNS,Bank of Nova Scotia (The)
BNY,BlackRock New York Investment Quality Municipal Trust Inc. (Th
BOH,Bank of Hawaii Corporation
BOI,Brookfield Mortgage Opportunity Income Fund Inc.
BOOT,Boot Barn Holdings
BORN,China New Borun Corporation
BOX,Box
BOXC,Brookfield Canada Office Properties
BP,BP p.l.c.
BPI,Bridgepoint Education
BPK,Blackrock Municipal 2018 Term Trust
BPL,Buckeye Partners L.P.
BPT,BP Prudhoe Bay Royalty Trust
BPY,Brookfield Property Partners L.P.
BQH,Blackrock New York Municipal Bond Trust
BR,Broadridge Financial Solutions
BRC,Brady Corporation
BRFS,BRF S.A.
BRK_A,Berkshire Hathaway Inc.
BRO,Brown & Brown
BRS,Bristow Group Inc
BRSS,Global Brass and Copper Holdings
BRT,BRT Realty Trust
BRX,Brixmor Property Group Inc.
BSAC,Banco Santander Chile
BSBR,Banco Santander Brasil SA
BSD,BlackRock Strategic Municipal Trust Inc. (The)
BSE,Blackrock New York Municipal Income Quality Trust
BSI,Alon Blue Square Israel Ltd.
BSL,Blackstone GSO Senior Floating Rate Term Fund
BSM,Black Stone Minerals
BSMX,Grupo Financiero Santander Mexico S.A. B. de C.V.
BST,BlackRock Science and Technology Trust
BSX,Boston Scientific Corporation
BT,BT Group plc
BTA,BlackRock Long-Term Municipal Advantage Trust
BTE,Baytex Energy Corp
BTO,John Hancock Financial Opportunities Fund
BTT,BlackRock Municipal Target Term Trust Inc. (The)
BTU,Peabody Energy Corporation
BTZ,BlackRock Credit Allocation Income Trust
BUD,Anheuser-Busch Inbev SA
BUI,BlackRock Utility and Infrastructure Trust
BURL,Burlington Stores
BVN,Buenaventura Mining Company Inc.
BW,Babcock
BWA,BorgWarner Inc.
BWG,Legg Mason BW Global Income Opportunities Fund Inc.
BWP,Boardwalk Pipeline Partners L.P.
BWXT,BWX Technologies
BX,The Blackstone Group L.P.
BXC,BlueLinx Holdings Inc.
BXE,Bellatrix Exploration Ltd
BXLT,Baxalta Incorporated
BXMT,Capital Trust
BXMX,Nuveen S&P 500 Buy-Write Income Fund
BXP,Boston Properties
BXS,BancorpSouth
BYD,Boyd Gaming Corporation
BYM,Blackrock Municipal Income Quality Trust
BZH,Beazer Homes USA
CAA,CalAtlantic Group
CAB,Cabela&#39;s Inc
CABO,Cable One
CACI,CACI International
CAE,CAE Inc
CAF,Morgan Stanley China A Share Fund Inc.
CAG,ConAgra Foods
CAH,Cardinal Health
CAI,CAI International
CAJ,Canon
CAL,Caleres
CALX,Calix
CAM,Cameron International Corporation
CAPL,CrossAmerica Partners LP
CAS,Castle (A.M.) & Co.
CAT,Caterpillar
CATO,Cato Corporation (The)
CB,Chubb Corporation (The)
CBA           ,ClearBridge American Energy MLP Fund Inc.
CBB,Cincinnati Bell Inc
CBD,Companhia Brasileira de Distribuicao
CBG,CBRE Group
CBI,Chicago Bridge & Iron Company N.V.
CBK,Christopher & Banks Corporation
CBL,CBL & Associates Properties
CBM,Cambrex Corporation
CBO,CBO (Listing Market - NYSE - Networks A/E)
CBPX,Continental Building Products
CBR,Ciber
CBS,CBS Corporation
CBT,Cabot Corporation
CBU,Community Bank System
CBX,CBX (Listing Market NYSE Networks AE
CBZ,CBIZ
CC,Chemours Company (The)
CCC,Calgon Carbon Corporation
CCE,Coca-Cola Enterprises
CCG,Campus Crest Communities
CCI,Crown Castle International Corporation
CCJ,Cameco Corporation
CCK,Crown Holdings
CCL,Carnival Corporation
CCM,Concord Medical Services Holdings Limited
CCO,Clear Channel Outdoor Holdings
CCP,Care Capital Properties
CCS,Century Communities
CCSC,Country Style Cooking Restaurant Chain Co.
CCU,Compania Cervecerias Unidas
CCV,Comcast Corporation
CDE,Coeur Mining
CDI,CDI Corporation
CDR,Cedar Realty Trust
CE,Celanese Corporation
CEA,China Eastern Airlines Corporation Ltd.
CEB,CEB Inc.
CEE,Central Europe
CEL,Cellcom Israel
CELP,Cypress Energy Partners
CEM,ClearBridge Energy MLP Fund Inc.
CEN,Center Coast MLP & Infrastructure Fund
CEO,CNOOC Limited
CEQP,Crestwood Equity Partners LP
CF,CF Industries Holdings
CFC_A,Countrywide Financial Corporation
CFG,Citizens Financial Group
CFI,Culp
CFR,Cullen/Frost Bankers
CFX,Colfax Corporation
CGA,China Green Agriculture
CGG,CGG
CGI,Celadon Group
CHA,China Telecom Corp Ltd
CHCT,Community Healthcare Trust Incorporated
CHD,Church & Dwight Company
CHE,Chemed Corp.
CHGG,Chegg
CHH,Choice Hotels International
CHK,Chesapeake Energy Corporation
CHKR,Chesapeake Granite Wash Trust
CHL,China Mobile (Hong Kong) Ltd.
CHMI,Cherry Hill Mortgage Investment Corporation
CHMT,Chemtura Corp.
CHN,China Fund
CHS,Chico&#39;s FAS
CHSP,Chesapeake Lodging Trust
CHT,Chunghwa Telecom Co.
CHU,China Unicom (Hong Kong) Ltd
CI,Cigna Corporation
CIA,Citizens
CIB,BanColombia S.A.
CIE,Cobalt International Energy
CIEN,Ciena Corporation
CIF,Colonial Intermediate High Income Fund
CIG,Comp En De Mn Cemig ADS
CII,Blackrock Capital and Income Strategies Fund Inc
CIM,Chimera Investment Corporation
CINR,Ciner Resources LP
CIO,City Office REIT
CIR,CIRCOR International
CIT,CIT Group Inc (DEL)
CIVI,Civitas Solutions
CJES,C&J Energy Services
CKH,SEACOR Holdings
CKP,Checkpoint Systms
CL,Colgate-Palmolive Company
CLA,Capitala Finance Corp.
CLB,Core Laboratories N.V.
CLC,CLARCOR Inc.
CLD,Cloud Peak Energy Inc
CLDT,Chatham Lodging Trust (REIT)
CLF,Cliffs Natural Resources Inc.
CLGX,CoreLogic
CLH,Clean Harbors
CLI,Mack-Cali Realty Corporation
CLNY,Colony Capital
CLR,Continental Resources
CLS,Celestica
CLW,Clearwater Paper Corporation
CLX,Clorox Company (The)
CM,Canadian Imperial Bank of Commerce
CMA,Comerica Incorporated
CMC,Commercial Metals Company
CMCM,Cheetah Mobile Inc.
CMG,Chipotle Mexican Grill
CMI,Cummins Inc.
CMN,Cantel Medical Corp.
CMO,Capstead Mortgage Corporation
CMP,Compass Minerals International
CMRE,Costamare Inc.
CMS,CMS Energy Corporation
CMU,Colonial Municipal Income Trust
CNA,CNA Financial Corporation
CNC,Centene Corporation
CNCO,Cencosud S.A.
CNHI,CNH Industrial N.V.
CNI,Canadian National Railway Company
CNK,Cinemark Holdings Inc
CNL,Cleco Corporation
CNNX,Cone Midstream Partners LP
CNO,CNO Financial Group
CNP,CenterPoint Energy
CNQ,Canadian Natural Resources Limited
CNS,Cohn & Steers Inc
CNX,CONSOL Energy Inc.
CNXC,CNX Coal Resources LP
CO,China Cord Blood Corporation
CODI,Compass Diversified Holdings
COF,Capital One Financial Corporation
COG,Cabot Oil & Gas Corporation
COH,Coach
COL,Rockwell Collins
COO,Cooper Companies
COP,ConocoPhillips
COR,CoreSite Realty Corporation
CORR,CorEnergy Infrastructure Trust
COT,Cott Corporation
COTY,Coty Inc.
CP,Canadian Pacific Railway Limited
CPA,Copa Holdings
CPAC,Cementos Pacasmayo S.A.A.
CPB,Campbell Soup Company
CPE,Callon Petroleum Company
CPF,CPB Inc.
CPG,Crescent Point Energy Corporation
CPGX,Columbia Pipeline Group
CPK,Chesapeake Utilities Corporation
CPL,CPFL Energia S.A.
CPN,Calpine Corporation
CPPL,Columbia Pipeline Partners LP
CPS,Cooper-Standard Holdings Inc.
CPT,Camden Property Trust
CR,Crane Company
CRC,California Resources Corporation
CRCM,Care.com
CRD_A,Crawford & Company
CRH,CRH PLC
CRI,Carter&#39;s
CRK,Comstock Resources
CRL,Charles River Laboratories International
CRM,Salesforce.com Inc
CRR,Carbo Ceramics
CRS,Carpenter Technology Corporation
CRT,Cross Timbers Royalty Trust
CRY,CryoLife
CS,Credit Suisse Group
CSC,Computer Sciences Corporation
CSG,Chambers Street Properties
CSH,Cash America International
CSI,Cutwater Select Income Fund
CSL,Carlisle Companies Incorporated
CSLT,Castlight Health
CSS,CSS Industries
CST,CST Brands
CSTM,Constellium N.V.
CSU,Capital Senior Living Corporation
CSV,Carriage Services
CSX,CSX Corporation
CTB,Cooper Tire & Rubber Company
CTL,CenturyLink
CTLT,Catalent
CTQ,Qwest Corporation
CTR,ClearBridge Energy MLP Total Return Fund Inc.
CTS,CTS Corporation
CTT,CatchMark Timber Trust
CUB,Cubic Corporation
CUBE,CubeSmart
CUBI,Customers Bancorp
CUDA,Barracuda Networks
CUZ,Cousins Properties Incorporated
CVA,Covanta Holding Corporation
CVB,Lehman ABS Corporation
CVC,Cablevision Systems Corporation
CVE,Cenovus Energy Inc
CVEO,Civeo Corporation
CVG,Convergys Corporation
CVI,CVR Energy Inc.
CVO,Cenveo Inc
CVRR,CVR Refining
CVS,CVS Health Corporation
CVT,CVENT
CVX,Chevron Corporation
CW,Curtiss-Wright Corporation
CWEI,Clayton Williams Energy
CWT,California Water  Service Group Holding
CX,Cemex S.A.B. de C.V.
CXE,Colonial High Income Municipal Trust
CXH,Colonial Investment Grade Municipal Trust
CXO,Concho Resources Inc.
CXP,Columbia Property Trust
CXW,Corrections Corporation of America
CYD,China Yuchai International Limited
CYH,Community Health Systems
CYS,CYS Investments
CYT,Cytec Industries Inc.
CZZ,Cosan Limited
D,Dominion Resources
DAC,Danaos Corporation
DAL,Delta Air Lines
DAN,Dana Holding Corporation
DANG,E-Commerce China Dangdang Inc.
DAR,Darling Ingredients Inc.
DATA,Tableau Software
DB,Deutsche Bank AG
DBD,Diebold
DBL,DoubleLine Opportunistic Credit Fund
DCA,Virtus Total Return Fund
DCI,Donaldson Company
DCM,NTT DOCOMO
DCO,Ducommun Incorporated
DCT,DCT Industrial Trust Inc
DD,E.I. du Pont de Nemours and Company
DDC,Dominion Diamond Corporation
DDD,3D Systems Corporation
DDE,Dover Downs Gaming & Entertainment Inc
DDF,Delaware Investments Dividend & Income Fund
DDR,DDR Corp.
DDS,Dillard&#39;s
DE,Deere & Company
DEA,Easterly Government Properties
DECK,Deckers Outdoor Corporation
DEG,Etablissements Delhaize Freres et Cie &quot;Le Lion&quot; S.A.
DEI,Douglas Emmett
DEL,Deltic Timber Corporation
DEO,Diageo plc
DEX,Delaware Enhanced Global Dividend
DF,Dean Foods Company
DFP,Flaherty & Crumrine Dynamic Preferred and Income Fund Inc.
DFS,Discover Financial Services
DFT,Dupont Fabros Technology
DG,Dollar General Corporation
DGI,DigitalGlobe
DGX,Quest Diagnostics Incorporated
DHF,Dreyfus High Yield Strategies Fund
DHG,DWS High Income Opportunities Fund
DHI,D.R. Horton
DHR,Danaher Corporation
DHT,DHT Holdings
DHX,DHI Group
DIAX,Nuveen Dow 30SM Dynamic Overwrite Fund
DIN,DineEquity
DIS,Walt Disney Company (The)
DK,Delek US Holdings
DKL,Delek Logistics Partners
DKS,Dick&#39;s Sporting Goods Inc
DKT,Deutsch Bk Contingent Cap Tr V
DL,China Distance Education Holdings Limited
DLB,Dolby Laboratories
DLNG,Dynagas LNG Partners LP
DLPH,Delphi Automotive plc
DLR,Digital Realty Trust
DLX,Deluxe Corporation
DM,Dominion Midstream Partners
DMB,Dreyfus Municipal Bond Infrastructure Fund
DMD,Demand Media Inc.
DMO,Western Asset Mortgage Defined Opportunity Fund Inc
DNB,Dun & Bradstreet Corporation (The)
DNI,Dividend and Income Fund
DNOW,NOW Inc.
DNP,Duff & Phelps Utilities Income
DNR,Denbury Resources Inc.
DO,Diamond Offshore Drilling
DOC,Physicians Realty Trust
DOM,Dominion Resources Black Warrior Trust
DOOR,Masonite International Corporation
DOV,Dover Corporation
DOW,Dow Chemical Company (The)
DPG,Duff & Phelps Global Utility Income Fund Inc.
DPLO,Diplomat Pharmacy
DPM,DCP Midstream Partners
DPS,Dr Pepper Snapple Group
DPZ,Domino&#39;s Pizza Inc
DQ,DAQO New Energy Corp.
DRA,Diversified Real Asset Income Fund
DRD,DRDGOLD Limited
DRE,Duke Realty Corporation
DRH,Diamondrock Hospitality Company
DRI,Darden Restaurants
DRII,Diamond Resorts International
DRQ,Dril-Quip
DSE,Duff & Phelps Select Energy MLP Fund Inc.
DSL,DoubleLine Income Solutions Fund
DSM,Dreyfus Strategic Municipal Bond Fund
DST,DST Systems
DSU,Blackrock Debt Strategies Fund
DSW,DSW Inc.
DSX,Diana Shipping inc.
DTE,DTE Energy Company
DTF,Duff & Phelps Utilities Tax-Free Income
DTLA_,Brookfield DTLA Inc.
DUC,Duff & Phelps Utility & Corporate Bond Trust
DUK,Duke Energy Corporation
DV,DeVry Education Group Inc.
DVA,DaVita healthCare Partners Inc.
DVD,Dover Motorsports
DVN,Devon Energy Corporation
DW,Drew Industries Incorporated
DWRE,DEMANDWARE
DX,Dynex Capital
DY,Dycom Industries
DYN,Dynegy Inc.
E,ENI S.p.A.
EAA,Entergy Arkansas
EARN,Ellington Residential Mortgage REIT
EAT,Brinker International
EBF,Ennis
EBR,Centrais Electricas Brasileiras SA
EBS,Emergent Biosolutions
EC,Ecopetrol S.A.
ECA,Encana Corporation
ECC           ,Eagle Point Credit Company Inc.
ECL,Ecolab Inc.
ECOM          ,ChannelAdvisor Corporation
ECR,Eclipse Resources Corporation
ECT,ECA Marcellus Trust I
ED,Consolidated Edison Inc
EDD,Morgan Stanley Emerging Markets Domestic Debt Fund
EDE,Empire District Electric Company (The)
EDF,Stone Harbor Emerging Markets Income Fund
EDI,Stone Harbor Emerging Markets Total Income Fund
EDN,Empresa Distribuidora Y Comercializadora Norte S.A. (Edenor)
EDR,Education Realty Trust Inc.
EDU,New Oriental Education & Technology Group
EE,El Paso Electric Company
EEA,European Equity Fund
EEP,Enbridge Energy
EEQ,Enbridge Energy Management LLC
EFC,Ellington Financial LLC
EFF,Eaton vance Floating-Rate Income Plus Fund
EFM,Entergy Mississippi
EFR,Eaton Vance Senior Floating-Rate Fund
EFT,Eaton Vance Floating Rate Income Trust
EFX,Equifax
EGF,Blackrock Enhanced Government Fund
EGIF,Eagle Growth and Income Opportunities Fund
EGL,Engility Holdings
EGN,Energen Corporation
EGO,Eldorado Gold Corporation
EGP,EastGroup Properties
EGY,Vaalco Energy Inc
EHI,Western Asset Global High Income Fund Inc
EHIC,eHi Car Services Limited
EIG,Employers Holdings Inc
EIX,Edison International
EJ,E-House (China) Holdings Limited
EL,Estee Lauder Companies
ELA,Entergy Louisiana
ELLI,Ellie Mae
ELP,Companhia Paranaense de Energia (COPEL)
ELS,Equity Lifestyle Properties
ELY,Callaway Golf Company
EMC,EMC Corporation
EMD,Western Asset Emerging Markets Income Fund
EME,EMCOR Group
EMES,Emerge Energy Services LP
EMF,Templeton Emerging Markets Fund
EMG,Emergent Capital
EMN,Eastman Chemical Company
EMO,ClearBridge Energy MLP Opportunity Fund Inc.
EMR,Emerson Electric Company
ENB,Enbridge Inc
ENBL,Enable Midstream Partners
ENH,Endurance Specialty Holdings Ltd
ENI,Enersis S A
ENJ,Entergy New Orleans
ENLC,EnLink Midstream
ENLK,EnLink Midstream Partners
ENR,Energizer Holdings
ENS,Enersys
ENV,Envestnet
ENVA,Enova International
ENZ,Enzo Biochem
EOC,Empresa Nacional de Electricidad S.A.
EOD,Wells Fargo Advantage Global Dividend Opportunity Fund
EOG,EOG Resources
EOI,Eaton Vance Enhance Equity Income Fund
EOS,Eaton Vance Enhanced Equity Income Fund II
EOT,Eaton Vance Municipal Income Trust
EP_C,El Paso Corporation
EPAM,EPAM Systems
EPD,Enterprise Products Partners L.P.
EPE,EP Energy Corporation
EPR,EPR Properties
EQC,Equity Commonwealth
EQGP,EQT GP Holdings
EQM,EQT Midstream Partners
EQR,Equity Residential
EQS,Equus Total Return
EQT,EQT Corporation
EQY,Equity One
ERA,Era Group
ERF,Enerplus Corporation
ERJ,Embraer-Empresa Brasileira de Aeronautica
EROS,Eros International PLC
ES,Eversource Energy
ESD,Western Asset Emerging Markets Debt Fund Inc
ESE,ESCO Technologies Inc.
ESI,ITT Educational Services
ESL,Esterline Technologies Corporation
ESNT,Essent Group Ltd.
ESRT,Empire State Realty Trust
ESS,Essex Property Trust
ESV,ENSCO plc
ETB,Eaton Vance Tax-Managed Buy-Write Income Fund
ETE,Energy Transfer Equity
ETG,Eaton Vance Tax-Advantaged Global Dividend Income Fund
ETH,Ethan Allen Interiors Inc.
ETJ,Eaton Vance Risk-Managed Diversified Equity Income Fund
ETM,Entercom Communications Corporation
ETN,Eaton Corporation
ETO,Eaton Vance Tax-Advantage Global Dividend Opp
ETP,ENERGY TRANSFER PARTNERS
ETR,Entergy Corporation
ETV,Eaton Vance Corporation
ETX           ,Eaton Vance Municipal Income 2028 Term Trust
ETY,Eaton Vance Tax-Managed Diversified Equity Income Fund
EURN,Euronav NV
EVA,Enviva Partners
EVC,Entravision Communications Corporation
EVDY,Everyday Health
EVER,EverBank Financial Corp.
EVF,Eaton Vance Senior Income Trust
EVG,Eaton Vance Short Diversified Income Fund
EVGN,Evogene Ltd.
EVH,Evolent Health
EVHC,Envision Healthcare Holdings
EVR,Evercore Partners Inc
EVRI,Everi Holdings Inc.
EVT,Eaton Vance Tax Advantaged Dividend Income Fund
EVTC,Evertec
EW,Edwards Lifesciences Corporation
EXAM,ExamWorks Group
EXAR,Exar Corporation
EXC,Exelon Corporation
EXD,Eaton Vance Tax-Advantaged Bond
EXG,Eaton Vance Tax-Managed Global Diversified Equity Income Fund
EXK,Endeavour Silver Corporation
EXP,Eagle Materials Inc
EXPR,Express
EXR,Extra Space Storage Inc
EXTN,Exterran Corporation
EZT,Entergy Texas Inc
F,Ford Motor Company
FAC,First Acceptance Corporation
FAF,First American Corporation (The)
FAM,First Trust/Aberdeen Global Opportunity Income Fund
FAV,First Trust Dividend and Income Fund
FBC,Flagstar Bancorp
FBHS,Fortune Brands Home & Security
FBP,First BanCorp.
FBR,Fibria Celulose S.A.
FBS_A,First Banks
FC,Franklin Covey Company
FCAM,Fiat Chrysler Automobiles N.V.
FCB,FCB Financial Holdings
FCE_A,Forest City Enterprises Inc
FCF,First Commonwealth Financial Corporation
FCH,FelCor Lodging Trust Incorporated
FCN,FTI Consulting
FCPT,Four Corners Property Trust
FCT,First Trust Senior Floating Rate Income Fund II
FCX,Freeport-McMoran
FDC,First Data Corporation
FDEU,First Trust Dynamic Europe Equity Income Fund
FDI,Fort Dearborn Income Securities
FDP,Fresh Del Monte Produce
FDS,FactSet Research Systems Inc.
FDX,FedEx Corporation
FE,FirstEnergy Corporation
FEI           ,First Trust MLP and Energy Income Fund
FELP,Foresight Energy LP
FENG,Phoenix New Media Limited
FEO,First Trust/Aberdeen Emerging Opportunity Fund
FET,Forum Energy Technologies
FF,FutureFuel Corp.
FFA,First Trust
FFC,Flaherty & Crumrine Preferred Securities Income Fund Inc
FFG,FBL Financial Group
FGB,First Trust Specialty Finance and Financial Opportunities Fund
FGL,Fidelity and Guaranty Life
FGP,Ferrellgas Partners
FHN,First Horizon National Corporation
FHY,First Trust Strategic High Income Fund II
FI,Frank&#39;s International N.V.
FICO,Fair Isaac Corporation
FIF,First Trust Energy Infrastructure Fund
FIG,Fortress Investment Group LLC
FII,Federated Investors
FIS,Fidelity National Information Services
FIT,Fitbit
FIX,Comfort Systems USA
FL,Foot Locker
FLC,Flaherty & Crumrine Total Return Fund Inc
FLO,Flowers Foods
FLOW,SPX FLOW
FLR,Fluor Corporation
FLS,Flowserve Corporation
FLT,FleetCor Technologies
FLTX,Fleetmatics Group PLC
FLY,Fly Leasing Limited
FMC,FMC Corporation
FMD,First Marblehead Corporation (The)
FMER_A,FirstMerit Corporation
FMN,Federated Premier Municipal Income Fund
FMO,Fiduciary/Claymore MLP Opportunity Fund
FMS,Fresenius Medical Care Corporation
FMSA,Fairmount Santrol Holdings Inc.
FMX,Fomento Economico Mexicano S.A.B. de C.V.
FN,Fabrinet
FNB,F.N.B. Corporation
FNF,Fidelity National Financial
FNFG_B,First Niagara Financial Group Inc.
FNV,Franco-Nevada Corporation
FOE,Ferro Corporation
FOF,Cohen & Steers Closed-End Opportunity Fund
FOR,Forestar Group Inc
FPF,First Trust Intermediate Duration Preferred & Income Fund
FPI,Farmland Partners Inc.
FPL,First Trust New Opportunities MLP & Energy Fund
FPO,First Potomac Realty Trust
FPT,Federated Premier Intermediate Municipal Income Fund
FR,First Industrial Realty Trust
FRA,Blackrock Floating Rate Income Strategies Fund Inc
FRC,FIRST REPUBLIC BANK
FRM,Furmanite Corporation
FRO,Frontline Ltd.
FRT,Federal Realty Investment Trust
FSB,Franklin Financial Network
FSCE,Fifth Street Finance Corp.
FSD,First Trust High Income Long Short Fund
FSIC,FS Investment Corporation
FSL,Freescale Semiconductor
FSM,Fortuna Silver Mines Inc.
FSS,Federal Signal Corporation
FT,Franklin Universal Trust
FTAI,Fortress Transportation and Infrastructure Investors LLC
FTI,FMC Technologies
FTK,Flotek Industries
FUL,H. B. Fuller Company
FUN,Cedar Fair
FUR,Winthrop Realty Trust
FVE,Five Star Quality Care
FXCM,FXCM Inc.
G,Genpact Limited
GAB,Gabelli Equity Trust
GAM,General American Investors
GAS,AGL Resources
GB,Greatbatch
GBAB,Guggenheim Build America Bonds Managed Duration Trust
GBL,Gamco Investors
GBX,Greenbrier Companies
GCAP,GAIN Capital Holdings
GCH,Aberdeen Greater China Fund
GCI,TEGNA Inc.
GCO,Genesco Inc.
GCV,Gabelli Convertible and Income Securities Fund
GD,General Dynamics Corporation
GDDY,GoDaddy Inc.
GDF,Western Asset Global Partners Income Fund
GDL,The GDL Fund
GDO,Western Asset Global Corporate Defined Opportunity Fund Inc.
GDOT,Green Dot Corporation
GDP,Goodrich Petroleum Corporation
GDV,Gabelli Dividend
GE,General Electric Company
GEF,Greif Bros. Corporation
GEH,General Electric Capital Corporation
GEL,Genesis Energy
GEN           ,Genesis Healthcare
GEO,Geo Group Inc (The)
GEQ,Guggenheim Equal Weight Enhanced Equity Income Fund
GER,Goldman Sachs MLP Energy Renaissance Fund
GES,Guess
GF,New Germany Fund
GFA,Gafisa SA
GFF,Griffon Corporation
GFI,Gold Fields Limited
GFY,Western Asset Variable Rate Strategic Fund Inc.
GG,Goldcorp Inc.
GGB,Gerdau S.A.
GGE,Guggenheim Enhanced Equity Strategy Fund
GGG,Graco Inc.
GGM,Guggenheim Credit Allocation Fund
GGP,General Growth Properties
GGT,Gabelli Multi-Media Trust Inc. (The)
GGZ,Gabelli Global Small and Mid Cap Value Trust (The)
GHC,Graham Holdings Company
GHI,Global High Income Dollar Fund
GHL,Greenhill & Co.
GHM,Graham Corporation
GHY,Prudential Global Short Duration High Yield Fund
GI,EndoChoice Holdings
GIB,CGI Group
GIL,Gildan Activewear
GIM,Templeton Global Income Fund
GIMO,Gigamon Inc.
GIS,General Mills
GJH,SYNTHETIC FIXED INCOME SECURITIES INC
GJP,Synthetic Fixed-Income Securities
GKOS,Glaukos Corporation
GLF,GulfMark Offshore
GLOB,Globant S.A.
GLOG,GasLog LP.
GLOP,GasLog Partners LP
GLP,Global Partners LP
GLPW,Global Power Equipment Group Inc
GLT,Glatfelter
GLW,Corning Incorporated
GM,General Motors Company
GME,Gamestop Corporation
GMED,Globus Medical
GMT,GATX Corporation
GMZ,Goldman Sachs MLP Income Opportunities Fund
GNC,GNC Holdings
GNE,Genie Energy Ltd.
GNK,Genco Shipping & Trading Limited Warrants Expiring 12/31/2021 
GNL,Global Net Lease
GNRC,Generac Holdlings Inc.
GNRT,Gener8 Maritime
GNT,GAMCO Natural Resources
GNW,Genworth Financial Inc
GOF,Guggenheim Strategic Opportunities Fund
GOL,Gol Linhas Aereas Inteligentes S.A.
GOV,Government Properties Income Trust
GPC,Genuine Parts Company
GPE_A,Georgia Power Company
GPI,Group 1 Automotive
GPK,Graphic Packaging Holding Company
GPM,Guggenheim Enhanced Equity Income Fund
GPN,Global Payments Inc.
GPRK,Geopark Ltd
GPS,Gap
GPT,Gramercy Property Trust Inc.
GPX,GP Strategies Corporation
GRA,W.R. Grace & Co.
GRAM,Grana y Montero S.A.A.
GRO,Agria Corporation
GRP_U,Granite Real Estate Inc.
GRR,Asia Tigers Fund
GRUB,GrubHub Inc.
GRX,The Gabelli Healthcare & Wellness Trust
GS,Goldman Sachs Group
GSBD,Goldman Sachs BDC
GSH,Guangshen Railway Company Limited
GSI,General Steel Holdings
GSK,GlaxoSmithKline PLC
GSL,Global Ship Lease
GTN,Gray Television
GTS,Triple-S Management Corporation
GTT,GTT Communications
GTY,Getty Realty Corporation
GUA,Gulf Power Company
GUT,Gabelli Utility Trust (The)
GVA,Granite Construction Incorporated
GWB,Great Western Bancorp
GWR,Genesee & Wyoming
GWRE,Guidewire Software
GWW,W.W. Grainger
GXP,Great Plains Energy Inc
GYB,CABCO Series 2004-101 Trust
GYC,Corporate Asset Backed Corp CABCO
GZT,Gazit-Globe Ltd.
H,Hyatt Hotels Corporation
HAE,Haemonetics Corporation
HAL,Halliburton Company
HAR,Harman International Industries
HASI,Hannon Armstrong Sustainable Infrastructure Capital
HBI,Hanesbrands Inc.
HBM,HudBay Minerals Inc
HCA,HCA Holdings
HCI,HCI Group
HCLP,Hi-Crush Partners LP
HCN,Welltower Inc.
HCP,HCP
HD,Home Depot
HDB,HDFC Bank Limited
HE,Hawaiian Electric Industries
HEI,Heico Corporation
HELI,CHC Group Ltd.
HEP,Holly Energy Partners
HEQ,John Hancock Hedged Equity & Income Fund
HES,Hess Corporation
HF,HFF
HFC,HollyFrontier Corporation
HGG,HHGregg
HGH,Hartford Financial Services Group
HGR,Hanger
HGT,Hugoton Royalty Trust
HHC,Howard Hughes Corporation (The)
HHS,Harte-Hanks
HHY,Brookfield High Income Fund Inc.
HI,Hillenbrand Inc
HIE,Miller/Howard High Income Equity Fund
HIFR,InfraREIT
HII,Huntington Ingalls Industries
HIL,Hill International
HIO,Western Asset High Income Opportunity Fund
HIVE,Aerohive Networks
HIW,Highwoods Properties
HIX,Western Asset High Income Fund II Inc.
HJV,MS Structured Asset Corp Saturns GE Cap Corp Series 2002-14
HK,Halcon Resources Corporation
HL,Hecla Mining Company
HLF,Herbalife LTD.
HLI,Houlihan Lokey
HLS,HealthSouth Corporation
HLT,Hilton Worldwide Holdings Inc.
HLX,Helix Energy Solutions Group
HMC,Honda Motor Company
HMLP,Hoegh LNG Partners LP
HMN,Horace Mann Educators Corporation
HMY,Harmony Gold Mining Company Limited
HNI,HNI Corporation
HNP,Huaneng Power International
HNR,Harvest Natural Resources Inc
HNT,Health Net Inc.
HOG,Harley-Davidson
HON,Honeywell International Inc.
HOS,Hornbeck Offshore Services
HOT,Starwood Hotels & Resorts Worldwide
HOV,Hovnanian Enterprises Inc
HP,Helmerich & Payne
HPE,Hewlett Packard Enterprise Company
HPF,John Hancock Pfd Income Fund II
HPI,John Hancock Preferred Income Fund
HPP,Hudson Pacific Properties
HPQ,HP Inc.
HPS,John Hancock Preferred Income Fund III
HPT,Hospitality Properites Trust
HPY,Heartland Payment Systems
HQH,Tekla Healthcare Investors
HQL,Tekla Life Sciences Investors
HR,Healthcare Realty Trust Incorporated
HRB,H&R Block
HRC,Hill-Rom Holdings Inc
HRG,HRG Group
HRL,Hormel Foods Corporation
HRS,Harris Corporation
HRTG,Heritage Insurance Holdings
HSBC,HSBC Holdings plc
HSC,Harsco Corporation
HSFC_B,Household Finance Corp
HST,Host Hotels & Resorts
HSY,Hershey Company (The)
HT,Hersha Hospitality Trust
HTA,Healthcare Trust of America
HTD,John Hancock Tax Advantaged Dividend Income Fund
HTF,Horizon Technology Finance Corporation
HTGC,Hercules Technology Growth Capital
HTH,Hilltop Holdings Inc.
HTR,Brookfield Total Return Fund Inc.
HTS,Hatteras Financial Corp
HTY,John Hancock Tax-Advantaged Global Shareholder Yield Fund
HTZ,Hertz Global Holdings
HUB_A,Hubbell Inc
HUBS,HubSpot
HUM,Humana Inc.
HUN,Huntsman Corporation
HUSI_F,HSBC USA
HVT,Haverty Furniture Companies
HW,Headwaters Incorporated
HXL,Hexcel Corporation
HY,Hyster-Yale Materials Handling
HYB,New America High Income Fund
HYF,Managed High Yield Plus Fund
HYH,Halyard Health
HYI,Western Asset High Yield Defined Opportunity Fund Inc.
HYT,Blackrock Corporate High Yield Fund
HZN,Horizon Global Corporation
HZO,MarineMax
I,Intelsat S.A.
IAE,Voya Asia Pacific High Dividend Equity Income Fund
IAG,Iamgold Corporation
IBA,Industrias Bachoco
IBM,International Business Machines Corporation
IBN,ICICI Bank Limited
IBP,Installed Building Products
ICA,Empresas Ica Soc Contrladora
ICB,MS Income Securities
ICD,Independence Contract Drilling
ICE,Intercontinental Exchange Inc.
ICL,Israel Chemicals Shs
IDA,IDACORP
IDE,Voya Infrastructure
IDT,IDT Corporation
IEX,IDEX Corporation
IFF,Internationa Flavors & Fragrances
IFN,India Fund
IGA,Voya Global Advantage and Premium Opportunity Fund
IGD,Voya Global Equity Dividend and Premium Opportunity Fund
IGI,Western Asset Investment Grade Defined Opportunity Trust Inc.
IGR,CBRE Clarion Global Real Estate Income Fund
IGT,International Game Technology
IHC,Independence Holding Company
IHD,Voya Emerging Markets High Income Dividend Equity Fund
IHG,Intercontinental Hotels Group
IHS,IHS Inc.
IID,Voya International High Dividend Equity Income Fund
IIF,Morgan Stanley India Investment Fund
IIM,Invesco Value Municipal Income Trust
IL,IntraLinks Holdings
IM,Ingram Micro Inc.
IMAX,Imax Corporation
IMN,Imation Corporation
IMPR,Imprivata
IMPV,Imperva
IMS,IMS Health Holdings
INB,Cohen & Steers Global Income Builder
IND,ING Group
INF,Brookfield Global Listed Infrastructure Income Fund
INFY,Infosys Limited
INGR,Ingredion Incorporated
INN,Summit Hotel Properties
INT,World Fuel Services Corporation
INVN,InvenSense
INXN,InterXion Holding N.V.
IO,Ion Geophysical Corporation
IOC,InterOil Corporation
IP,International Paper Company
IPG,Interpublic Group of Companies
IPHI,Inphi Corporation
IPI,Intrepid Potash
IPL_D,Interstate Power and Light Company
IQI,Invesco Quality Municipal Income Trust
IR,Ingersoll-Rand plc (Ireland)
IRC,Inland Real Estate Corporation
IRET,Investors Real Estate Trust
IRL,New Ireland Fund
IRM,Iron Mountain Incorporated
IRR,Voya Natural Resources Equity Income Fund
IRS,IRSA Inversiones Y Representaciones S.A.
ISD,Prudential Short Duration High Yield Fund
ISH,International Shipholding Corporation
IT,Gartner
ITC,ITC Holdings Corp.
ITG,Investment Technology Group
ITT,ITT Corporation
ITUB,Itau Unibanco Banco Holding SA
ITW,Illinois Tool Works Inc.
IVC,Invacare Corporation
IVH,Ivy High Income Opportunities Fund
IVR,INVESCO MORTGAGE CAPITAL INC
IVR_A,Invesco Mortgage Capital Inc.
IVZ,Invesco Plc
IX,Orix Corp Ads
JAH,Jarden Corporation
JAX,J. Alexander&#39;s Holdings
JBL,Jabil Circuit
JBN,Select Asset Inc.
JBT,John Bean Technologies Corporation
JCAP,Jernigan Capital
JCE,Nuveen Core Equity Alpha Fund
JCI,Johnson Controls
JCP,J.C. Penney Company
JDD,Nuveen Diversified Dividend and Income Fund
JE,Just Energy Group
JEC,Jacobs Engineering Group Inc.
JEQ,Aberdeen Japan Equity Fund
JFC,JPMorgan China Region Fund
JFR,Nuveen Floating Rate Income Fund
JGH,Nuveen Global High Income Fund
JGV,Nuveen Global Equity Income Fund 
JGW,J.G. Wentworth Company (The)
JHI,John Hancock Investors Trust
JHP,Nuveen Quality Preferred Income Fund 3
JHS,John Hancock Income Securities Trust
JHX,James Hardie Industries plc.
JHY,Nuveen High Income 2020 Target Term Fund
JKS,JinkoSolar Holding Company Limited
JLL,Jones Lang LaSalle Incorporated
JLS,Nuveen Mortgage Opportunity Term Fund
JMEI,Jumei International Holding Limited
JMF,Nuveen Energy MLP Total Return Fund
JMG,Journal Media Group
JMI           ,Javelin Mortgage Investment Corp.
JMLP,Nuveen All Cap Energy MLP Opportunities Fund
JMM,Nuveen Multi-Market Income Fund
JMP,JMP Group LLC
JMT,Nuven Mortgage Opportunity Term Fund 2
JNJ,Johnson & Johnson
JNPR,Juniper Networks
JNS,Janus Capital Group
JOE,St. Joe Company (The)
JOF,Japan Smaller Capitalization Fund Inc
JONE,Jones Energy
JOY,Joy Global Inc.
JP,Jupai Holdings Limited
JPC,Nuveen Preferred Income Opportunites Fund
JPEP,JP Energy Partners LP
JPI,Nuveen Preferred and Income Term Fund
JPM,J P Morgan Chase & Co
JPS,Nuveen Quality Preferred Income Fund 2
JPW,Nuveen Flexible Investment Income Fund
JQC,Nuveen Credit Strategies Income Fund
JRI,Nuveen Real Asset Income and Growth Fund
JRO,Nuveen Floating Rate Income Opportuntiy Fund
JSD,Nuveen Short Duration Credit Opportunities Fund
JTA,Nuveen Tax-Advantaged Total Return Strategy Fund
JTD,Nuveen Tax-Advantaged Dividend Growth Fund
JTP,Nuveen Quality Preferred Income Fund
JW_A,John Wiley & Sons
JWN,Nordstrom
K,Kellogg Company
KAI,Kadant Inc
KAMN,Kaman Corporation
KAP,KCAP Financial
KAR,KAR Auction Services
KATE,Kate Spade & Company
KB,KB Financial Group Inc
KBH,KB Home
KBR,KBR
KCG,KCG Holdings
KED,Kayne Anderson Energy Development Company
KEF,Korea Equity Fund
KEG,Key Energy Services
KEM,Kemet Corporation
KEN,Kenon Holdings Ltd.
KEP,Korea Electric Power Corporation
KEX,Kirby Corporation
KEY,KeyCorp
KEYS,Keysight Technologies Inc.
KF,Korea Fund
KFH,KKR Financial Holdings LLC
KFS,Kingsway Financial Services
KFY,Korn/Ferry International
KGC,Kinross Gold Corporation
KHI,Scudder High Income Trust
KIM,Kimco Realty Corporation
KING,King Digital Entertainment plc
KIO,KKR Income Opportunities Fund
KKD,Krispy Kreme Doughnuts
KKR,KKR & Co. L.P.
KMB,Kimberly-Clark Corporation
KMF,Kayne Anderson Midstream Energy Fund
KMG,KMG Chemicals
KMI,Kinder Morgan
KMM,Scudder Multi-Market Income Trust
KMPA,Kemper Corporation
KMT,Kennametal Inc.
KMX,CarMax Inc
KN,Knowles Corporation
KND,Kindred Healthcare
KNL,Knoll
KNOP,KNOT Offshore Partners LP
KNX,Knight Transportation
KO,Coca-Cola Company (The)
KODK,Eastman Kodak Company
KOF,Coca Cola Femsa S.A.B. de C.V.
KOP,Koppers Holdings Inc.
KORS,Michael Kors Holdings Limited
KOS,Kosmos Energy Ltd.
KR,Kroger Company (The)
KRA,Kraton Performance Polymers
KRC,Kilroy Realty Corporation
KRG,Kite Realty Group Trust
KRO,Kronos Worldwide Inc
KS,KapStone Paper and Packaging Corporation
KSM,Scudder Strategic Municiple Income Trust
KSS,Kohl&#39;s Corporation
KST,Scudder Strategic Income Trust
KSU,Kansas City Southern
KT,KT Corporation
KTF,Scudder Municiple Income Trust
KW,Kennedy-Wilson Holdings Inc.
KWR,Quaker Chemical Corporation
KYE,Kayne Anderson Energy Total Return Fund
KYN,Kayne Anderson MLP Investment Company
KYO,Kyocera Corporation
L,Loews Corporation
LAD,Lithia Motors
LADR,Ladder Capital Corp
LAZ,Lazard Ltd.
LB,L Brands
LBF,Scudder Global High Income Fund
LC,LendingClub Corporation
LCI,Lannett Co Inc
LCM,Advent/Claymore Enhanced Growth & Income Fund
LDF,Latin American Discovery Fund
LDL,Lydall
LDOS,Leidos Holdings
LDP,Cohen & Steers Limited Duration Preferred and Income Fund
LDR,Landauer
LEA,Lear Corporation
LEAF,Springleaf Holdings
LEE,Lee Enterprises
LEG,Leggett & Platt
LEJU,Leju Holdings Limited
LEN,Lennar Corporation
LEO,Dreyfus Strategic Municipals
LF,Leapfrog Enterprises Inc
LFC,China Life Insurance Company Limited
LFL,LATAM Airlines Group S.A.
LG,Laclede Group
LGF,Lions Gate Entertainment Corporation
LGI,Lazard Global Total Return and Income Fund
LH,Laboratory Corporation of America Holdings
LHO,LaSalle Hotel Properties
LII,Lennox International
LITB,LightInTheBox Holding Co.
LL,Lumber Liquidators Holdings
LLL,L-3 Communications Holdings
LLY,Eli Lilly and Company
LM,Legg Mason
LMT,Lockheed Martin Corporation
LNC,Lincoln National Corporation
LND,Brasilagro Cia Brasileira De Propriedades Agricolas
LNKD,LinkedIn Corporation
LNN,Lindsay Corporation
LNT,Alliant Energy Corporation
LOCK,LifeLock
LOR,Lazard World Dividend & Income Fund
LOW,Lowe&#39;s Companies
LPG,Dorian LPG Ltd.
LPI,Laredo Petroleum
LPL,LG Display Co.
LPT,Liberty Property Trust
LPX,Louisiana-Pacific Corporation
LQ,La Quinta Holdings Inc.
LRN,K12 Inc
LTC,LTC Properties
LUB,Luby&#39;s
LUK,Leucadia National Corporation
LUV,Southwest Airlines Company
LUX,Luxottica Group
LVLT,Level 3 Communications
LVS,Las Vegas Sands Corp.
LXFR,Luxfer Holdings PLC
LXFT,Luxoft Holding
LXK,Lexmark International
LXP,Lexington Realty Trust
LXU,Lsb Industries Inc.
LYB,LyondellBasell Industries NV
LYG,Lloyds Banking Group Plc
LYV,Live Nation Entertainment
LZB,La-Z-Boy Incorporated
M,Macy&#39;s Inc
MA,Mastercard Incorporated
MAA,Mid-America Apartment Communities
MAC,Macerich Company (The)
MAIN,Main Street Capital Corporation
MAN,ManpowerGroup
MANU,Manchester United Ltd.
MAS,Masco Corporation
MATX,Matson
MAV,Pioneer Municipal High Income Advantage Trust
MBI,MBIA
MBLY,Mobileye N.V.
MBT,Mobile TeleSystems OJSC
MC,Moelis & Company
MCA,Blackrock MuniYield California Insured Fund
MCC,Medley Capital Corporation
MCD,McDonald&#39;s Corporation
MCI,Babson Capital Corporate Investors
MCK,McKesson Corporation
MCN,Madison Covered Call & Equity Strategy Fund
MCO,Moody&#39;s Corporation
MCR,MFS Charter Income Trust
MCRN,Milacron Holdings Corp.
MCS,Marcus Corporation (The)
MCY,Mercury General Corporation
MD,Mednax
MDC,M.D.C. Holdings
MDLY,Medley Management Inc.
MDP,Meredith Corporation
MDR,McDermott International
MDT,Medtronic plc
MDU,MDU Resources Group
MED,MEDIFAST INC
MEG,Media General
MEI,Methode Electronics
MEN,Blackrock MuniEnhanced Fund
MEP,Midcoast Energy Partners
MER_D,Merrill Lynch & Co.
MET,MetLife
MFA,MFA Financial
MFC,Manulife Financial Corp
MFD,Macquarie/First Trust Global
MFG,Mizuho Financial Group
MFL,Blackrock MuniHoldings Investment Quality Fund
MFM,MFS Municipal Income Trust
MFT,Blackrock MuniYield Investment QualityFund
MFV,MFS Special Value Trust
MG,Mistras Group Inc
MGA,Magna International
MGF,MFS Government Markets Income Trust
MGM,MGM Resorts International
MGU,Macquarie Global Infrastructure Total Return Fund Inc.
MH_A,Maiden Holdings
MHD,Blackrock MuniHoldings Fund
MHF,Western Asset Municipal High Income Fund
MHFI,McGraw Hill Financial
MHG,Marine Harvest ASA
MHI,Pioneer Municipal High Income Trust
MHK,Mohawk Industries
MHN,Blackrock MuniHoldings New York Quality Fund
MHO,M/I Homes
MHY,Western Asset Managed High Income Fund
MIC,Macquarie Infrastructure Company
MIE,Cohen & Steers MLP Income and Energy Opportunity Fund
MIL,MFC Industrial Ltd.
MIN,MFS Intermediate Income Trust
MITT,AG Mortgage Investment Trust
MIXT,MiX Telematics Limited
MIY,Blackrock MuniYield Michigan Quality Fund
MJN,Mead Johnson Nutrition Company
MKC,McCormick & Company
MKL,Markel Corporation
MLI,Mueller Industries
MLM,Martin Marietta Materials
MLP,Maui Land & Pineapple Company
MLR,Miller Industries
MMC,Marsh & McLennan Companies
MMD,MainStay DefinedTerm Municipal Opportunities Fund
MMI,Marcus & Millichap
MMM,3M Company
MMP,Magellan Midstream Partners L.P.
MMS,Maximus
MMT,MFS Multimarket Income Trust
MMU,Western Asset Managed Municipals Fund
MN,Manning & Napier
MNE,Blackrock Muni New York Intermediate Duration Fund Inc
MNI,McClatchy Company (The)
MNK,Mallinckrodt plc
MNP,Western Asset Municipal Partners Fund
MNR,Monmouth Real Estate Investment Corporation
MO,Altria Group
MOD,Modine Manufacturing Company
MODN,Model N
MOG_A,Moog Inc.
MOH,Molina Healthcare Inc
MON,Monsanto Company
MORE          ,Monogram Residential Trust
MOS,Mosaic Company (The)
MOV,Movado Group Inc.
MP_D,Mississippi Power Company
MPA,Blackrock MuniYield Pennsylvania Quality Fund
MPC,Marathon Petroleum Corporation
MPG,Metaldyne Performance Group Inc.
MPLX,MPLX LP
MPO,Midstates Petroleum Company
MPSX,Multi Packaging Solutions International Limited
MPV,Babson Capital Participation Investors
MPW,Medical Properties Trust
MPX,Marine Products Corporation
MQT,Blackrock MuniYield Quality Fund II
MQY,Blackrock MuniYield Quality Fund
MR,Mindray Medical International Limited
MRC,MRC Global Inc.
MRIN,Marin Software Incorporated
MRK,Merck & Company
MRO,Marathon Oil Corporation
MS,Morgan Stanley
MSA,MSA Safety Incorporporated
MSB,Mesabi Trust
MSCI,MSCI Inc
MSD,Morgan Stanley Emerging Markets Debt Fund
MSF,Morgan Stanley Emerging Markets Fund
MSG,MSG Networks Inc.
MSI,Motorola Solutions
MSL,MidSouth Bancorp
MSM,MSC Industrial Direct Company
MSO,Martha Stewart Living Omnimedia
MSP,Madison Strategic Sector Premium Fund
MT,ArcelorMittal
MTB,M&T Bank Corporation
MTD,Mettler-Toledo International
MTDR,Matador Resources Company
MTG,MGIC Investment Corporation
MTH,Meritage Corporation
MTL,Mechel OAO
MTN,Vail Resorts
MTOR,Meritor
MTR,Mesa Royalty Trust
MTRN,Materion Corporation
MTS,Montgomery Street Income Securities
MTT,Western Asset Municipal Defined Opportunity Trust Inc
MTU,Mitsubishi UFJ Financial Group Inc
MTW,Manitowoc Company
MTX,Minerals Technologies Inc.
MTZ,MasTec
MUA,Blackrock MuniAssets Fund
MUC,Blackrock MuniHoldings California Quality Fund
MUE,Blackrock MuniHoldings Quality Fund II
MUH,Blackrock MuniHoldings Fund II
MUI,Blackrock Muni Intermediate Duration Fund Inc
MUJ,Blackrock MuniHoldings New Jersey Insured Fund
MUR,Murphy Oil Corporation
MUS,Blackrock MuniHoldings Quality Fund
MUSA,Murphy USA Inc.
MUX,McEwen Mining Inc.
MVC,MVC Capital
MVO,MV Oil Trust
MVT,Blackrock MuniVest Fund II
MW,Men&#39;s Wearhouse
MWA,MUELLER WATER PRODUCTS
MWE,MarkWest Energy Partners
MWW,Monster Worldwide
MX,MagnaChip Semiconductor Corporation
MXE,Mexico Equity and Income Fund
MXF,Mexico Fund
MXL,MaxLinear
MXPT,MaxPoint Interactive
MY,China Ming Yang Wind Power Group Limited
MYC,Blackrock MuniYield California Fund
MYCC,ClubCorp Holdings
MYD,Blackrock MuniYield Fund
MYE,Myers Industries
MYF,Blackrock MuniYield Investment Fund
MYI,Blackrock MuniYield Quality Fund III
MYJ,Blackrock MuniYield New Jersey Fund
MYN,Blackrock MuniYield New York Quality Fund
MZF,Managed Duration Investment Grade Municipal Fund
N,Netsuite Inc
NAC,Nuveen California Dividend Advantage Municipal Fund
NAD,Nuveen Dividend Advantage Municipal Fund
NADL,North Atlantic Drilling Ltd.
NAN,Nuveen New York Dividend Advantage Municipal Fund
NAO,Nordic American Offshore Ltd
NAP,Navios Maritime Midstream Partners LP
NAT,Nordic American Tankers Limited
NAV,Navistar International Corporation
NAZ,Nuveen Arizona Premium Income Municipal Fund
NBB,Nuveen Build America Bond Fund
NBD,Nuveen Build America Bond Opportunity Fund
NBG,National Bank of Greece SA
NBHC,National Bank Holdings Corporation
NBL,Noble Energy Inc.
NBR,Nabors Industries Ltd.
NC,NACCO Industries
NCA,Nuveen California Municipal Value Fund
NCI,Navigant Consulting
NCR,NCR Corporation
NCS,NCI Building Systems
NCT,Newcastle Investment Corporation
NCV,AllianzGI Convertible & Income Fund
NCZ,AllianzGI Convertible & Income Fund II
NDP,Tortoise Energy Independence Fund
NDRO,Enduro Royalty Trust
NE,Noble Corporation
NEA,Nuveen AMT-Free Municipal Income Fund
NEE,NextEra Energy
NEFF,Neff Corporation
NEM,Newmont Mining Corporation
NEP,NextEra Energy Partners
NES,Nuverra Environmental Solutions
NEU,NewMarket Corporation
NEV,Nuveen Enhanced Municipal Value Fund
NEWM,New Media Investment Group Inc.
NEWR,New Relic
NFG,National Fuel Gas Company
NFJ,AllianzGI NFJ Dividend
NFX,Newfield Exploration Company
NGG,National Grid Transco
NGL,NGL ENERGY PARTNERS LP
NGLS,Targa Resources Partners LP
NGS,Natural Gas Services Group
NGVC,Natural Grocers by Vitamin Cottage
NHF,NexPoint Credit Stategies Fund
NHI,National Health Investors
NI,NiSource
NID,Nuveen Intermediate Duration Municipal Term Fund
NIE,AllianzGI Equity & Convertible Income Fund
NIM,Nuveen Select Maturities Municipal Fund
NIO,Nuveen Municipal Opportunity Fund
NIQ,Nuveenn Intermediate Duration Quality Municipal Term Fund
NJ,Nidec Corporation (Nihon Densan Kabushiki Kaisha)
NJR,NewJersey Resources Corporation
NKA,Niska Gas Storage Partners LLC
NKE,Nike
NKG,Nuveen Georgia Dividend Advantage Municipal Fund 2
NKX,Nuveen California AMT-Free Municipal Income Fund
NL,NL Industries
NLS,Nautilus Group
NLSN,Nielsen N.V.
NLY,Annaly Capital Management Inc
NM,Navios Maritime Holdings Inc.
NMA,Nuveen Municipal Advantage Fund
NMBL,Nimble Storage
NMFC,New Mountain Finance Corporation
NMI,Nuveen Municipal Income Fund
NMK_B,Niagara Mohawk Holdings
NMM,Navios Maritime Partners LP
NMO,Nuveen Municipal Market Opportunity Fund
NMR,Nomura Holdings Inc ADR
NMS,Nuveen Minnesota Municipal Income Fund
NMT,Nuveen Massachusetts Premium Income Municipal Fund
NMY,Nuveen Maryland Premium Income Municipal Fund
NNA,Navios Maritime Acquisition Corporation
NNC,Nuveen North Carolina Premium Income Municipal Fund
NNI,Nelnet
NNN,National Retail Properties
NNY,Nuveen New York Municipal Value Fund
NOA,North American Energy Partners
NOAH,Noah Holdings Ltd.
NOC,Northrop Grumman Corporation
NOK,Nokia Corporation
NOR,Noranda Aluminum Holding Corporation
NORD,Nord Anglia Education
NOV,National Oilwell Varco
NOW,ServiceNow
NP,Neenah Paper
NPD,China Nepstar Chain Drugstore Ltd
NPF,Nuveen Premier Municipal Income Fund
NPI,Nuveen Premium Income Municipal Fund
NPK,National Presto Industries
NPM,Nuveen Premium Income Municipal Fund II
NPO,Enpro Industries
NPP,Nuveen Performance Plus Municipal Fund
NPT,Nuveen Premium Income Municipal Fund IV
NPTN,NeoPhotonics Corporation
NPV,Nuveen Virginia Premium Income Municipal Fund
NQ,NQ Mobile Inc.
NQI,Nuveen Quality Municipal Fund
NQM,Nuveen Investment Quality Municipal Fund
NQP,Nuveen Pennsylvania Investment Quality Municipal Fund
NQS,Nuveen Select Quality Municipal Fund
NQU,Nuveen Quality Income Municipal Fund
NR,Newpark Resources
NRE,NorthStar Realty Europe Corp.
NRF,Northstar Realty Finance Corp.
NRG,NRG Energy
NRK,Nuveen New York AMT-Free Municipal Income Fund
NRP,Natural Resource Partners LP
NRT,North European Oil Royality Trust
NRZ,New Residential Investment Corp.
NS,Nustar Energy L.P.
NSA,National Storage Affiliates Trust
NSAM,NorthStar Asset Management Group
NSC,Norfolk Souther Corporation
NSH,Nustar GP Holdings
NSL,Nuveen Senior Income Fund
NSLP_A,New Source Energy Partners L.P.
NSM,Nationstar Mortgage Holdings Inc.
NSP,Insperity
NSR,Neustar
NSS,NuStar Logistics
NTC,Nuveen Connecticut Premium Income Municipal Fund
NTG,Tortoise MLP Fund
NTI,Northern Tier Energy LP
NTL,Nortel Inversora SA
NTP,Nam Tai Property Inc.
NTT,Nippon Telegraph and Telephone Corporation
NTX,Nuveen Texas Quality Income Municipal Fund
NTZ,Natuzzi
NUE,Nucor Corporation
NUM,Nuveen Michigan Quality Income Municipal Fund
NUO,Nuveen Ohio Quality Income Municipal Fund
NUS,Nu Skin Enterprises
NUV,Nuveen AMT-Free Municipal Value Fund
NVGS,Navigator Holdings Ltd.
NVO,Novo Nordisk A/S
NVR,NVR
NVRO,Nevro Corp.
NVS,Novartis AG
NVTA,Invitae Corporation
NW_C,Natl Westminster Pfd
NWE,NorthWestern Corporation
NWHM,New Home Company Inc. (The)
NWL,Newell Rubbermaid Inc.
NWN,Northwest Natural Gas Company
NWY,New York & Company
NX,Quanex Building Products Corporation
NXC,Nuveen Insured California Select Tax-Free Income Portfolio
NXJ,Nuveen New Jersey Dividend Advantage Municipal Fund
NXN,Nuveen Insured New York Select Tax-Free Income Portfolio
NXP,Nuveen Select Tax Free Income Portfolio
NXQ,Nuveen Select Tax Free Income Portfolio II
NXR,Nuveen Select Tax Free Income Portfolio III
NXRT,NexPoint Residential Trust
NYCB,New York Community Bancorp
NYLD,NRG Yield
NYRT,New York REIT
NYT,New York Times Company (The)
O,Realty Income Corporation
OA,Orbital ATK
OAK,Oaktree Capital Group
OAKS,Five Oaks Investment Corp.
OAS,Oasis Petroleum Inc.
OB,OneBeacon Insurance Group
OC,Owens Corning Inc
OCIP,OCI Partners LP
OCN,Ocwen Financial Corporation
ODC,Oil-Dri Corporation Of America
OEC,Orion Engineered Carbons S.A
OFC,Corporate Office Properties Trust
OFG,OFG Bancorp
OGE,OGE Energy Corporation
OGS,ONE Gas
OHI,Omega Healthcare Investors
OI,Owens-Illinois
OIA,Invesco Municipal Income Opportunities Trust
OIBR,Oi S.A.
OII,Oceaneering International
OIS,Oil States International
OKE,ONEOK
OKS,ONEOK Partners
OLN,Olin Corporation
OLP,One Liberty Properties
OMAM,OM Asset Management plc
OMC,Omnicom Group Inc.
OME,Omega Protein Corporation
OMI,Owens & Minor
OMN,OMNOVA Solutions Inc.
ONDK,On Deck Capital
ONE           ,Higher One Holdings
OOMA,Ooma
OPK,Opko Health Inc
OPWR,Opower
OPY,Oppenheimer Holdings
ORA,Ormat Technologies
ORAN,Orange
ORC,Orchid Island Capital
ORCL,Oracle Corporation
ORI,Old Republic International Corporation
ORN,Orion Marine Group Inc
OSK,Oshkosh Corporation
OUT,OUTFRONT Media Inc.
OXM,Oxford Industries
OXY,Occidental Petroleum Corporation
OZM,Och-Ziff Capital Management Group LLC
P,Pandora Media
PAA,Plains All American Pipeline
PAC,Grupo Aeroportuario Del Pacifico
PACD,Pacific Drilling S.A.
PAG,Penske Automotive Group
PAGP,Plains Group Holdings
PAH,Platform Specialty Products Corporation
PAI,Pacific American Income Shares
PAM,Pampa Energia S.A.
PANW,Palo Alto Networks
PAR,PAR Technology Corporation
PAY,Verifone Systems
PAYC,Paycom Software
PB,Prosperity Bancshares
PBA,Pembina Pipeline Corp.
PBF,PBF Energy Inc.
PBFX,PBF Logistics LP
PBH,Prestige Brand Holdings
PBI,Pitney Bowes Inc.
PBR,Petroleo Brasileiro S.A.- Petrobras
PBT,Permian Basin Royalty Trust
PBY,Pep Boys-Manny
PBYI,Puma Biotechnology Inc
PCF,Putnam High Income Bond Fund
PCG,Pacific Gas & Electric Co.
PCI,PIMCO Dynamic Credit Income Fund
PCK,Pimco California Municipal Income Fund II
PCL,Plum Creek Timber Company
PCM,PIMCO Commercial Mortgage Securities Trust
PCN,Pimco Corporate & Income Stategy Fund
PCP,Precision Castparts Corporation
PCQ,PIMCO California Municipal Income Fund
PDI,PIMCO Dynamic Income Fund
PDM,Piedmont Office Realty Trust
PDS,Precision Drilling Corporation
PDT,John Hancock Premium Dividend Fund
PE,Parsley Energy
PEB,Pebblebrook Hotel Trust
PEG,Public Service Enterprise Group Incorporated
PEI,Pennsylvania Real Estate Investment Trust
PEN,Penumbra
PEO,Adams Natural Resources Fund
PEP,Pepsico
PER,SandRidge Permian Trust
PES,Pioneer Energy Services Corp.
PF,Pinnacle Foods
PFD,Flaherty & Crumrine Preferred Income Fund Incorporated
PFE,Pfizer
PFG,Principal Financial Group Inc
PFGC,Performance Food Group Company
PFK,Prudential Financial
PFL,PIMCO Income Strategy Fund
PFN,PIMCO Income Strategy Fund II
PFO,Flaherty & Crumrine Preferred Income Opportunity Fund Inc
PFS,Provident Financial Services
PFSI,PennyMac Financial Services
PFX,Phoenix Companies
PG,Procter & Gamble Company (The)
PGEM,Ply Gem Holdings
PGH,Pengrowth Energy Corporation
PGI,Premiere Global Services
PGN,Paragon Offshore plc
PGND,Press Ganey Holdings
PGP,Pimco Global Stocksplus & Income Fund
PGR,Progressive Corporation (The)
PGRE,Paramount Group
PGZ,Principal Real Estate Income Fund
PH,Parker-Hannifin Corporation
PHD,Pioneer Floating Rate Trust
PHG,Koninklijke Philips N.V.
PHH,PHH Corp
PHI,Philippine Long Distance Telephone Company
PHK,Pimco High Income Fund
PHM,PulteGroup
PHT,Pioneer High Income Trust
PHX,Panhandle Royalty Company
PII,Polaris Industries Inc.
PIM,Putnam Master Intermediate Income Trust
PIR,Pier 1 Imports
PIY,Merrill Lynch Depositor
PJC,Piper Jaffray Companies
PJS,Preferred Plus Trust Ser QWS 2 Tr Ctf
PJT,PJT Partners Inc.
PKD,Parker Drilling Company
PKE,Park Electrochemical Corporation
PKG,Packaging Corporation of America
PKI,PerkinElmer
PKO,Pimco Income Opportunity Fund
PKX,POSCO
PKY,Parkway Properties
PL_C,Protective Life Corporation
PLD,ProLogis
PLNT,Planet Fitness
PLOW,Douglas Dynamics
PLT,Plantronics
PM,Philip Morris International Inc
PMC,Pharmerica Corporation
PMF,PIMCO Municipal Income Fund
PML,Pimco Municipal Income Fund II
PMM,Putnam Managed Municipal Income Trust
PMO,Putnam Municipal Opportunities Trust
PMT,PennyMac Mortgage Investment Trust
PMX,PIMCO Municipal Income Fund III
PN,Patriot National
PNC,PNC Financial Services Group
PNF,PIMCO New York Municipal Income Fund
PNI,Pimco New York Municipal Income Fund II
PNK,Pinnacle Entertainment
PNM,PNM Resources
PNR,Pentair plc.
PNTA,PennantPark Investment Corporation
PNW,Pinnacle West Capital Corporation
PNY,Piedmont Natural Gas Company
POL,PolyOne Corporation
POM,PEPCO Holdings
POR,Portland General Electric Company
POST,Post Holdings
POT,Potash Corporation of Saskatchewan Inc.
POWR,PowerSecure International
PPG,PPG Industries
PPL,PPL Corporation
PPP,Primero Mining Corp
PPR,Voya Prime Rate Trust
PPS,Post Properties
PPT,Putnam Premier Income Trust
PPX,PPL Capital Funding
PQ,Petroquest Energy Inc
PRA,ProAssurance Corporation
PRE,PartnerRe Ltd.
PRGO,Perrigo Company
PRI,Primerica
PRLB,Proto Labs
PRO,PROS Holdings
PRTY,Party City Holdco Inc.
PSA,Public Storage
PSB,PS Business Parks
PSF,Cohen & Steers Select Preferred and Income Fund
PSG,Performance Sports Group Ltd
PSO,Pearson
PSTG,PROTOSTAR I LTD
PSX,Phillips 66
PSXP,Phillips 66 Partners LP
PTR,PetroChina Company Limited
PTY,Pimco Corporate & Income Opportunity Fund
PUK,Prudential Public Limited Company
PVA,Penn Virginia Corporation
PVG,Pretium Resources
PVH,PVH Corp.
PVTD,PrivateBancorp
PWE,Penn West Petroleum Ltd
PWR,Quanta Services
PX,Praxair
PXD,Pioneer Natural Resources Company
PYN,PIMCO New York Municipal Income Fund III
PYS,PPlus Trust
PZC,PIMCO California Municipal Income Fund III
PZE,Petrobras Argentina S.A.
PZN,Pzena Investment Management Inc
Q,Quintiles Transitional Holdings Inc.
QEP,QEP Resources
QIHU,Qihoo 360 Technology Co. Ltd.
QSR,Restaurant Brands International Inc.
QTM,Quantum Corporation
QTS,QTS Realty Trust
QTWO,Q2 Holdings
QUAD,Quad Graphics
QUOT,Quotient Technology Inc.
R,Ryder System
RACE,Ferrari N.V.
RAD,Rite Aid Corporation
RAI,Reynolds American Inc
RAS,RAIT Financial Trust
RATE,Bankrate
RAX,Rackspace Hosting
RBA,Ritchie Bros. Auctioneers Incorporated
RBC,Regal Beloit Corporation
RBS,Royal Bank Scotland plc (The)
RCAP,RCS CAPITAL CORPORATION
RCI,Rogers Communication
RCL,Royal Caribbean Cruises Ltd.
RCS,PIMCO Strategic Income Fund
RDC,Rowan Companies plc
RDN,Radian Group Inc.
RDS_A,Royal Dutch Shell PLC
RDY,Dr. Reddy&#39;s Laboratories Ltd
RE,Everest Re Group
REG,Regency Centers Corporation
RELX,RELX PLC
REN           ,Resolute Energy Corporation
RENN,Renren Inc.
RENX,RELX N.V.
RES,RPC
RESI,Altisource Residential Corporation
REV,Revlon
REX,REX American Resources Corporation
REXR,Rexford Industrial Realty
RF,Regions Financial Corporation
RFI,Cohen & Steers Total Return Realty Fund
RFP,Resolute Forest Products Inc.
RGA,Reinsurance Group of America
RGC,Regal Entertainment Group
RGR,Sturm
RGS,Regis Corporation
RGT,Royce Global Value Trust
RH,Restoration Hardware Holdings Inc.
RHI,Robert Half International Inc.
RHP,Ryman Hospitality Properties
RHT,Red Hat
RICE,Rice Energy Inc.
RIG,Transocean Ltd.
RIGP,Transocean Partners LLC
RIO,Rio Tinto Plc
RIT,LMP Real Estate Income Fund Inc
RJD,Raymond James Financial
RKUS,Ruckus Wireless
RL,Ralph Lauren Corporation
RLD,RealD Inc
RLGY,Realogy Holdings Corp.
RLH,Red Lion Hotels Corporation
RLI,RLI Corp.
RLJ,RLJ Lodging Trust
RM,Regional Management Corp.
RMAX,RE/MAX Holdings
RMD,ResMed Inc.
RMP,Rice Midstream Partners LP
RMT,Royce Micro-Cap Trust
RNDY,Roundy&#39;s
RNF,Rentech Nitrogen Partners
RNG,Ringcentral
RNO,Rhino Resource Partners LP
RNP,Cohen & Steers Reit and Preferred Income Fund Inc
RNR,RenaissanceRe Holdings Ltd.
ROG,Rogers Corporation
ROK,Rockwell Automation
ROL,Rollins
ROP,Roper Technologies
ROYT,Pacific Coast Oil Trust
RPAI,Retail Properties of America
RPM,RPM International Inc.
RPT,Ramco-Gershenson Properties Trust
RQI,Cohen & Steers Quality Income Realty Fund Inc
RRC,Range Resources Corporation
RRMS,Rose Rock Midstream
RRTS,Roadrunner Transportation Systems
RS,Reliance Steel & Aluminum Co.
RSE,Rouse Properties
RSG,Republic Services
RSO,Resource Capital Corp.
RSPP,RSP Permian
RST,Rosetta Stone
RT,Ruby Tuesday
RTEC,Rudolph Technologies
RTN,Raytheon Company
RUBI,The Rubicon Project
RVT,Royce Value Trust
RWT,Redwood Trust
RXN,Rexnord Corporation
RY,Royal Bank Of Canada
RYAM,Rayonier Advanced Materials Inc.
RYI,Ryerson Holding Corporation
RYN,Rayonier Inc.
S,Sprint Corporation
SA,Seabridge Gold
SAH,Sonic Automotive
SAIC,SCIENCE APPLICATIONS INTERNATIONAL CORPORATION
SALT,Scorpio Bulkers Inc.
SAM,Boston Beer Company
SAN,Banco Santander
SAP,SAP SE
SAQ,Saratoga Investment Corp
SB,Safe Bulkers
SBGL,Sibanye Gold Limited
SBH,Sally Beauty Holdings
SBNA,Scorpio Tankers Inc.
SBR,Sabine Royalty Trust
SBS,Companhia de saneamento Basico Do Estado De Sao Paulo - Sabesp
SBW,Western Asset Worldwide Income Fund Inc.
SBY,Silver Bay Realty Trust Corp.
SC,Santander Consumer USA Holdings Inc.
SCCO,Southern Copper Corporation
SCD,LMP Capital and Income Fund Inc.
SCE_F,Southern California Edison Company
SCG,Scana Corporation
SCHW,The Charles Schwab Corporation
SCI,Service Corporation International
SCL,Stepan Company
SCM,Stellus Capital Investment Corporation
SCS,Steelcase Inc.
SCX,L.S. Starrett Company (The)
SD,Sandridge Energy Inc.
SDLP,Seadrill Partners LLC
SDR,SandRidge Mississippian Trust II
SDRL,Seadrill Limited
SDT,SandRidge Mississippian Trust I
SE,Spectra Energy Corp
SEAS,SeaWorld Entertainment
SEE,Sealed Air Corporation
SEM,Select Medical Holdings Corporation
SEMG,Semgroup Corporation
SEP,Spectra Energy Partners
SERV,ServiceMaster Global Holdings
SF,Stifel Financial Corporation
SFE,Safeguard Scientifics
SFG,StanCorp Financial Group
SFL,Ship Finance International Limited
SFS,Smart
SFUN,SouFun Holdings Limited
SFY,Swift Energy Company
SGF,Aberdeen Singapore Fund
SGL,Strategic Global Income Fund
SGM,Stonegate Mortgage Corporation
SGU,Star Gas Partners
SGY,Stone Energy Corporation
SGZA,Selective Insurance Group
SHAK,Shake Shack
SHG,Shinhan Financial Group Co Ltd
SHI,SINOPEC Shangai Petrochemical Company
SHLX,Shell Midstream Partners
SHO,Sunstone Hotel Investors
SHOP,Shopify Inc.
SHW,Sherwin-Williams Company (The)
SID,National Steel Company
SIG,Signet Jewelers Limited
SIR,Select Income REIT
SIX,Six Flags Entertainment Corporation New
SJI,South Jersey Industries
SJM,J.M. Smucker Company (The)
SJR,Shaw Communications Inc.
SJT,San Juan Basin Royalty Trust
SJW,SJW Corporation
SKM,SK Telecom Co.
SKT,Tanger Factory Outlet Centers
SKX,Skechers U.S.A.
SLB,Schlumberger N.V.
SLCA,U.S. Silica Holdings
SLF,Sun Life Financial Inc.
SLG,SL Green Realty Corporation
SLH,Solera Holdings
SLRA,Solar Capital Ltd.
SLW,Silver Wheaton Corp
SM,SM Energy Company
SMFG,Sumitomo Mitsui Financial Group Inc
SMG,Scotts Miracle-Gro Company (The)
SMI,Semiconductor  Manufacturing International Corporation
SMLP,Summit Midstream Partners
SMM,Salient Midstream & MLP Fund
SMP,Standard Motor Products
SN,Sanchez Energy Corporation
SNA,Snap-On Incorporated
SNE,Sony Corp Ord
SNH,Senior Housing Properties Trust
SNI,Scripps Networks Interactive
SNN,Smith & Nephew SNATS
SNOW,Intrawest Resorts Holdings
SNP,China Petroleum & Chemical Corporation
SNR,New Senior Investment Group Inc.
SNV,Synovus Financial Corp.
SNX,Synnex Corporation
SNY,Sanofi
SO,Southern Company (The)
SOL,Renesola Ltd.
SON,Sonoco Products Company
SOR,Source Capital
SOV_C,Santander Holdings USA
SPA,Sparton Corporation
SPB           ,Spectrum Brands Holdings
SPE,Special Opportunities Fund Inc.
SPG,Simon Property Group
SPH,Suburban Propane Partners
SPLP,Steel Partners Holdings LP
SPN,Superior Energy Services
SPR,Spirit Aerosystems Holdings
SPXC,SPX Corporation
SPXX,Nuveen S&P 500 Dynamic Overwrite Fund
SQM,Sociedad Quimica y Minera S.A.
SQNS,Sequans Communications S.A.
SRC,Spirit Realty Capital
SRE,Sempra Energy
SRF,Cushing Energy Income Fund (The)
SRG,Seritage Growth Properties
SRI,Stoneridge
SRLP,Sprague Resources LP
SRT,StarTek
SRV,The Cushing MLP Total Return Fund
SSD,Simpson Manufacturing Company
SSE,Seventy Seven Energy Inc.
SSI,Stage Stores
SSL,Sasol Ltd.
SSNI,Silver Spring Networks
SSP,E.W. Scripps Company (The)
SSS,Sovran Self Storage
SSTK,Shutterstock
SSW,Seaspan Corporation
ST,Sensata Technologies Holding N.V.
STAG,Stag Industrial
STAR          ,iStar Financial Inc.
STAY,Extended Stay America
STC,Stewart Information Services Corporation
STE,STERIS plc
STI,SunTrust Banks
STJ,St. Jude Medical
STK,Columbia Seligman Premium Technology Growth Fund
STL,Sterling Bancorp
STM,STMicroelectronics N.V.
STN,Stantec Inc
STO,Statoil ASA
STON,StoneMor Partners L.P.
STOR,STORE Capital Corporation
STR,Questar Corporation
STT,State Street Corporation
STV,China Digital TV Holding Co.
STWD,STARWOOD PROPERTY TRUST
STZ,Constellation Brands Inc
SU,Suncor Energy  Inc.
SUI,Sun Communities
SUM,Summit Materials
SUN,Sunoco LP
SUNE,SunEdison
SUP,Superior Industries International
SVU,SuperValu Inc.
SWAY,Starwood Waypoint Residential Trust
SWC,Stillwater Mining Company
SWFT,Swift Transportation Company
SWH,Stanley Black & Decker
SWI,Solarwinds
SWM,Schweitzer-Mauduit International
SWN,Southwestern Energy Company
SWX,Southwest Gas Corporation
SWZ,Swiss Helvetia Fund
SXC,SunCoke Energy
SXCP,SunCoke Energy Partners
SXE,Southcross Energy Partners
SXI,Standex International Corporation
SXL,Sunoco Logistics Partners LP
SXT,Sensient Technologies Corporation
SYA,Symetra Financial Corporation
SYF,Synchrony Financial
SYK,Stryker Corporation
SYT,Syngenta AG
SYX,Systemax Inc.
SYY,Sysco Corporation
SZC,Cushing Renaissance Fund (The)
T,AT&T Inc.
TA,TravelCenters of America LLC
TAC,TransAlta Corporation
TAHO,Tahoe Resources
TAI,Transamerica Income Shares
TAL,TAL International Group
TAOM,Taomee Holdings Limited
TAP,Molson Coors Brewing  Company
TARO,Taro Pharmaceutical Industries Ltd.
TBI,TrueBlue
TC,Thompson Creek Metals Company Inc.
TCAP,Triangle Capital Corporation
TCB,TCF Financial Corporation
TCI,Transcontinental Realty Investors
TCK,Teck Resources Ltd
TCO,Taubman Centers
TCP,TC PipeLines
TCPI,TCP International Holdings Ltd.
TCRX,THL Credit
TCS,Container Store (The)
TD,Toronto Dominion Bank (The)
TDA,Telephone and Data Systems
TDC,Teradata Corporation
TDF,Templeton Dragon Fund
TDG,Transdigm Group Incorporated
TDOC,Teladoc
TDW,Tidewater Inc.
TDY,Teledyne Technologies Incorporated
TE,TECO Energy
TEF,Telefonica SA
TEGP,Tallgrass Energy GP
TEI,Templeton Emerging Markets Income Fund
TEL,TE Connectivity Ltd.
TEN,Tenneco Inc.
TEO,Telecom Argentina Stet - France Telecom S.A.
TEP,Tallgrass Energy Partners
TER,Teradyne
TEU,Box Ships Inc.
TEVA,Teva Pharmaceutical Industries Limited
TEX,Terex Corporation
TFX,Teleflex Incorporated
TG,Tredegar Corporation
TGH,Textainer Group Holdings Limited
TGI,Triumph Group
TGP,Teekay LNG Partners L.P.
TGS,Transportadora De Gas Sa Ord B
TGT,Target Corporation
THC,Tenet Healthcare Corporation
THG,The Hanover Insurance Group
THO,Thor Industries
THQ,Tekla Healthcare Opportunies Fund
THR,Thermon Group Holdings
THS,Treehouse Foods
THW,Tekla World Healthcare Fund
TI,Telecom Italia S.P.A.
TIER,TIER REIT
TIF,Tiffany & Co.
TIME,Time Inc.
TISI,Team
TJX,TJX Companies
TK,Teekay Corporation
TKC,Turkcell Iletisim Hizmetleri AS
TKF,Turkish Investment Fund
TKR,Timken Company (The)
TLI,LMP Corporate Loan Fund Inc
TLK,PT Telekomunikasi Indonesia
TLLP,Tesoro Logistics LP
TLN,Talen Energy Corporation
TLP,Transmontaigne Partners L.P.
TLYS,Tilly&#39;s
TM,Toyota Motor Corp Ltd Ord
TMH,Team Health Holdings
TMHC,Taylor Morrison Home Corporation
TMK,Torchmark Corporation
TMO,Thermo Fisher Scientific Inc
TMST,Timken Steel Corporation
TNC,Tennant Company
TNET,TriNet Group
TNH,Terra Nitrogen Company
TNK,Teekay Tankers Ltd.
TNP,Tsakos Energy Navigation Ltd
TOL,Toll Brothers Inc.
TOO,Teekay Offshore Partners L.P.
TOT,TotalFinaElf
TOWR,Tower International
TPC,Tutor Perini Corporation
TPH,TRI Pointe Group
TPL,Texas Pacific Land Trust
TPRE,Third Point Reinsurance Ltd.
TPUB,Tribune Publishing Company
TPVG,TriplePoint Venture Growth BDC Corp.
TPX,Tempur Sealy International
TPZ,Tortoise Power and Energy Infrastructure Fund
TR,Tootsie Roll Industries
TRC,Tejon Ranch Co
TRCO,Tribune Media Company
TREC,Trecora Resources
TREX,Trex Company
TRF,Templeton Russia Fund
TRGP,Targa Resources
TRI,Thomson Reuters Corp
TRK,Speedway Motorsports
TRMR,Tremor Video
TRN,Trinity Industries
TRNO,Terreno Realty Corporation
TROX,Tronox Limited
TRP,TransCanada Corporation
TRQ,Turquoise Hill Resources Ltd.
TRR,TRC Companies
TRU,TransUnion
TRUP,Trupanion
TRV,The Travelers Companies
TS,Tenaris S.A.
TSE,Trinseo S.A.
TSI,TCW Strategic Income Fund
TSL,Trina Solar Limited
TSLF,THL Credit Senior Loan Fund
TSLX,TPG Specialty Lending
TSM,Taiwan Semiconductor Manufacturing Company Ltd.
TSN,Tyson Foods
TSO,Tesoro Corporation
TSQ,Townsquare Media
TSS,Total System Services
TSU,TIM Participacoes S.A.
TTC,Toro Company (The)
TTF,Thai Fund
TTI,Tetra Technologies
TTM,Tata Motors Ltd
TTP,Tortoise Pipeline & Energy Fund
TU,TELUS Corporation
TUMI,Tumi Holdings
TUP,Tupperware Brands Corporation
TV,Grupo Televisa S.A.
TVC,Tennessee Valley Authority
TVPT,Travelport Worldwide Limited
TWC,Time Warner Cable Inc
TWI,Titan International
TWN,Taiwan Fund
TWO,Two Harbors Investments Corp
TWTR,Twitter
TWX,Time Warner Inc.
TX,Ternium S.A.
TXT,Textron Inc.
TXTR,Textura Corporation
TY,Tri Continental Corporation
TYC,Tyco International plc
TYG,Tortoise Energy Infrastructure Corporation
TYL,Tyler Technologies
TZF,Bear Stearns Depositor
UA,Under Armour
UAL,United Continental Holdings
UAM,Universal American Corp.
UAN,CVR Partners
UBA,Urstadt Biddle Properties Inc.
UBS,UBS AG
UCP,UCP
UDR,United Dominion Realty Trust
UE,Urban Edge Properties
UFI,Unifi
UFS,Domtar Corporation
UGI,UGI Corporation
UGP,Ultrapar Participacoes S.A.
UHS,Universal Health Services
UHT,Universal Health Realty Income Trust
UIL,UIL Holdings Corporation
UIS,Unisys Corporation
UL,Unilever PLC
UMC,United Microelectronics Corporation
UMH,UMH Properties
UN,Unilever NV
UNF,Unifirst Corporation
UNH,UnitedHealth Group Incorporated
UNM,Unum Group
UNP,Union Pacific Corporation
UNT,Unit Corporation
UNVR,Univar Inc.
UPL,Ultra Petroleum Corp.
UPS,United Parcel Service
URI,United Rentals
USA,Liberty All-Star Equity Fund
USAC,USA Compression Partners
USB,U.S. Bancorp
USDP,USD Partners LP
USG,USG Corporation
USM,United States Cellular Corporation
USNA,USANA Health Sciences
USPH,U.S. Physical Therapy
UTF,Cohen & Steers Infrastructure Fund
UTI,Universal Technical Institute Inc
UTL,UNITIL Corporation
UTX,United Technologies Corporation
UVE,UNIVERSAL INSURANCE HOLDINGS INC
UVV,Universal Corporation
V,Visa Inc.
VAC,Marriot Vacations Worldwide Corporation
VAL,Valspar Corporation (The)
VALE,VALE S.A.
VAR,Varian Medical Systems
VBF,Invesco Bond Fund
VC,Visteon Corporation
VCO,Vina Concha Y Toro
VCRA,Vocera Communications
VCV,Invesco California Value Municipal Income Trust
VEC,Vectrus
VEDL,Vedanta  Limited
VEEV,Veeva Systems Inc.
VER,VEREIT Inc.
VET,Vermilion Energy Inc.
VFC,V.F. Corporation
VG,Vonage Holdings Corp.
VGI,Virtus Global Multi-Sector Income Fund
VGM,Invesco Trust for Investment Grade Municipals
VGR,Vector Group Ltd.
VHI,Valhi
VIPS,Vipshop Holdings Limited
VIV,Telefonica Brasil S.A.
VJET,voxeljet AG
VKQ,Invesco Municipal Trust
VLO,Valero Energy Corporation
VLP,Valero Energy Partners LP
VLRS,Controladora Vuela Compania de Aviacion
VLT,Invesco High Income Trust II
VLY,Valley National Bancorp
VMC,Vulcan Materials Company
VMEM,Violin Memory
VMI,Valmont Industries
VMO,Invesco Municipal Opportunity Trust
VMW,Vmware
VNCE,Vince Holding Corp.
VNO,Vornado Realty Trust
VNTV,Vantiv
VOC,VOC Energy Trust
VOYA,Voya Financial
VPG,Vishay Precision Group
VPV,Invesco Pennsylvania Value Municipal Income Trust
VR,Validus Holdings
VRTV,Veritiv Corporation
VRX,Valeant Pharmaceuticals International
VSH,Vishay Intertechnology
VSI,Vitamin Shoppe
VSLR,Vivint Solar
VSTO,Vista Outdoor Inc.
VTA,Invesco Credit Opportunities Fund
VTN,Invesco Trust  for Investment Grade New York Municipal
VTR,Ventas
VTRB,Ventas Realty
VTTI,VTTI Energy Partners LP
VVC,Vectren Corporation
VVI,Viad Corp
VVR,Invesco Senior Income Trust
VZ,Verizon Communications Inc.
W,Wayfair Inc.
WAB,Westinghouse Air Brake Technologies Corporation
WAC,Walter Investment Management Corp.
WAGE,WageWorks
WAIR,Wesco Aircraft Holdings
WAL,Western Alliance Bancorporation
WAT,Waters Corporation
WBAI,500.com Limited
WBC,Wabco Holdings Inc.
WBK,Westpac Banking Corporation
WBS,Webster Financial Corporation
WCC,WESCO International
WCG,WellCare Health Plans
WCIC,WCI Communities
WCN,Waste Connections
WD,Walker & Dunlop
WDAY,Workday
WDR,Waddell & Reed Financial
WEA,Western Asset Bond Fund
WEC,WEC Energy Group
WES,Western Gas Partners
WEX,WEX Inc.
WF,Woori Bank
WFC,Wells Fargo & Company
WFT,Weatherford International plc
WG,Willbros Group
WGL,WGL Holdings Inc
WGO,Winnebago Industries
WGP,Western Gas Equity Partners
WHG,Westwood Holdings Group Inc
WHR,Whirlpool Corporation
WHZ,Whiting USA Trust II
WIA,Western Asset/Claymore U.S. Treasury Inflation Prot Secs Fd
WIT,Wipro Limited
WIW,Western Asset/Claymore U.S Treasury Inflation Prot Secs Fd 2
WK,Workiva Inc.
WLH,Lyon William Homes
WLK,Westlake Chemical Corporation
WLKP,Westlake Chemical Partners LP
WLL,Whiting Petroleum Corporation
WM,Waste Management
WMB,Williams Companies
WMC,Western Asset Mortgage Capital Corporation
WMK,Weis Markets
WMLP,Westmoreland Resource Partners
WMS,Advanced Drainage Systems
WMT,Wal-Mart Stores
WNC,Wabash National Corporation
WNR,Western Refining
WNRL,Western Refining Logistics
WNS,WNS (Holdings) Limited
WOR,Worthington Industries
WPC,W.P. Carey Inc.
WPG,WP Glimcher Inc.
WPP,Wausau Paper Corp.
WPT,World Point Terminals
WPX,WPX Energy
WPZ,Williams Partners LP
WR,Westar Energy
WRB,W.R. Berkley Corporation
WRE,Washington Real Estate Investment Trust
WRI,Weingarten Realty Investors
WRK,Westrock Company
WSH,Willis Group Holdings Limited
WSM,Williams-Sonoma
WSO,Watsco
WSR,Whitestone REIT
WST,West Pharmaceutical Services
WTI,W&T Offshore
WTM,White Mountains Insurance Group
WTR,Aqua America
WTS,Watts Water Technologies
WTW,Weight Watchers International Inc
WU,Western Union Company (The)
WUBA,58.com Inc.
WWAV,Whitewave Foods Company (The)
WWE,World Wrestling Entertainment
WWW,Wolverine World Wide
WX,Wuxi Pharmatech (Cayman) Inc.
WY,Weyerhaeuser Company
WYN,Wyndham Worldwide Corp
X,United States Steel Corporation
XCO,EXCO Resources NL
XEC,Cimarex Energy Co
XEL,Xcel Energy Inc.
XHR,Xenia Hotels & Resorts
XIN,Xinyuan Real Estate Co Ltd
XL,XL Group plc
XNY,China Xiniya Fashion Limited
XOM,Exxon Mobil Corporation
XON,Intrexon Corporation
XOXO,XO Group
XPO,XPO Logistics
XRM,Xerium Technologies
XRS,TAL Education Group
XRX,Xerox Corporation
XTLY,Xactly Corporation
XUE,Xueda Education Group
XYL,Xylem Inc.
Y,Alleghany Corporation
YDKN,Yadkin Financial Corporation
YELP,Yelp Inc.
YGE,Yingli Green Energy Holding Company Limited
YOKU,Youku Tudou Inc.
YPF,YPF Sociedad Anonima
YUM,Yum! Brands
YUME,YuMe
YZC,Yanzhou Coal Mining Company Limited
ZAYO,Zayo Group Holdings
ZB_A,Zions Bancorporation
ZBH,Zimmer Biomet Holdings
ZEN,Zendesk
ZF,Zweig Fund
ZFC,ZAIS Financial Corp.
ZNH,China Southern Airlines Company Limited
ZOES,Zoe&#39;s Kitchen
ZPIN,Zhaopin Limited
ZTR,Zweig Total Return Fund
ZTS,Zoetis Inc.
ZX,China Zenix Auto International Limited
